date,1wk_WIS,1_week_roc,is_wis_above_avg,1st_deriv_stencil,week_of_year,moving_avg_WIS,lagged_1wk_WIS,loc_code,holiday_last_week
2023-10-28,19.51,0.32,0,7.333333333333333,43,13.273333333333335,13.51,18,0
2023-11-04,6.51,0.1818181818181818,0,4.166666666666667,44,13.17666666666667,19.51,18,0
2023-11-11,45.84,0.205128205128205,0,27.75,45,23.953333333333337,6.51,18,0
2023-11-18,11.54,0.8510638297872339,0,16.416666666666668,46,21.29666666666667,45.84,18,1
2023-11-25,37.36,-0.0344827586206896,0,25.75,47,31.58,11.54,18,0
2023-12-02,9.01,0.6428571428571428,0,31.33333333333333,48,19.30333333333333,37.36,18,1
2023-12-09,6.52,0.0579710144927536,0,29.166666666666668,49,17.630000000000003,9.01,18,0
2023-12-16,15.34,0.4178082191780821,0,69.08333333333333,50,10.29,6.52,18,0
2023-12-23,20.43,0.3816425120772946,0,121.75,51,14.09666666666667,15.34,18,0
2023-12-30,192.22,0.5,1,100.33333333333331,52,75.99666666666667,20.43,18,0
2024-01-06,266.43,0.0745920745920745,1,-21.416666666666668,1,159.69333333333336,192.22,18,1
2024-01-13,325.83,-0.1258134490238611,1,-78.83333333333333,2,261.49333333333334,266.43,18,1
2024-01-27,13.5,0.0,0,-16.5,4,201.92,325.83,18,1
2024-02-03,16.03,0.0955223880597015,0,28.5,5,118.45333333333332,13.5,18,0
2024-02-10,12.35,0.0108991825613078,0,-12.916666666666666,6,13.96,16.03,18,0
2024-02-17,11.99,-0.0592991913746631,0,-13.0,7,13.456666666666669,12.35,18,0
2024-02-24,11.86,-0.0085959885386819,0,-14.583333333333334,8,12.066666666666668,11.99,18,0
2024-03-02,11.15,-0.0664739884393064,0,2.5,9,11.666666666666666,11.86,18,1
2024-03-09,8.72,0.0464396284829722,0,-28.916666666666668,10,10.576666666666666,11.15,18,0
2024-03-16,77.07,-0.2455621301775148,1,-112.08333333333331,11,32.31333333333333,8.72,18,0
2024-03-23,70.07,-0.4156862745098039,1,-49.5,12,51.953333333333326,77.07,18,0
2024-03-30,6.64,0.0469798657718121,0,7.0,13,51.25999999999999,70.07,18,0
2023-10-28,9.7,0.0666666666666666,0,1.8333333333333333,43,8.626666666666667,6.39,01,0
2023-11-04,22.23,0.15625,0,14.75,44,12.773333333333332,9.7,01,0
2023-11-11,38.66,0.6216216216216217,1,23.25,45,23.53,22.23,01,0
2023-11-18,14.96,0.2833333333333334,0,4.666666666666667,46,25.28333333333333,38.66,01,1
2023-11-25,18.18,-0.0519480519480519,0,1.0833333333333333,47,23.933333333333334,14.96,01,0
2023-12-02,4.62,0.1643835616438356,0,19.166666666666668,48,12.586666666666666,18.18,01,1
2023-12-09,10.18,0.3058823529411765,0,26.916666666666668,49,10.993333333333334,4.62,01,0
2023-12-16,114.28,0.3603603603603604,1,93.58333333333331,50,43.02666666666667,10.18,01,0
2023-12-23,19.78,0.8410596026490067,0,78.08333333333333,51,48.080000000000005,114.28,01,0
2023-12-30,15.52,0.0719424460431654,0,40.833333333333336,52,49.86000000000001,19.78,01,0
2024-01-06,182.54,0.1744966442953019,1,-29.416666666666668,1,72.61333333333334,15.52,01,1
2024-01-13,229.34,-0.3228571428571428,1,-121.75,2,142.46666666666667,182.54,01,1
2024-01-27,17.72,-0.1734104046242774,0,-69.5,4,143.20000000000002,229.34,01,1
2024-02-03,13.69,-0.2797202797202797,0,-11.083333333333334,5,86.91666666666667,17.72,01,0
2024-02-10,29.0,0.0873786407766989,0,17.166666666666668,6,20.136666666666667,13.69,01,0
2024-02-17,16.87,0.0892857142857141,0,-13.833333333333334,7,19.85333333333333,29.0,01,0
2024-02-24,16.66,-0.2704918032786885,0,-21.83333333333333,8,20.843333333333334,16.87,01,0
2024-03-02,12.66,-0.0449438202247191,0,-3.9166666666666665,9,15.396666666666668,16.66,01,1
2024-03-09,22.44,-0.0823529411764706,0,-0.1666666666666666,10,17.253333333333334,12.66,01,0
2024-03-16,6.58,0.0384615384615385,0,-10.666666666666666,11,13.893333333333336,22.44,01,0
2024-03-23,7.1,-0.2716049382716049,0,-10.0,12,12.04,6.58,01,0
2024-03-30,3.56,0.0338983050847456,0,2.0,13,5.746666666666666,7.1,01,0
2023-10-28,23.74,-0.0576923076923077,0,-9.916666666666666,43,27.98333333333333,21.74,04,0
2023-11-04,75.2,0.0408163265306122,0,43.75,44,40.22666666666667,23.74,04,0
2023-11-11,134.2,1.5882352941176472,0,79.75,45,77.71333333333332,75.2,04,0
2023-11-18,66.38,0.446969696969697,0,34.333333333333336,46,91.92666666666666,134.2,04,1
2023-11-25,50.99,0.1099476439790576,0,36.833333333333336,47,83.85666666666667,66.38,04,0
2023-12-02,27.65,0.3160377358490567,0,86.75,48,48.34,50.99,04,1
2023-12-09,74.46,0.4121863799283154,0,155.5,49,51.03333333333333,27.65,04,0
2023-12-16,303.73,0.5380710659898478,1,306.0,50,135.28,74.46,04,0
2023-12-23,34.19,0.5874587458745875,0,318.25,51,137.46,303.73,04,0
2023-12-30,556.17,0.1964656964656965,1,-28.166666666666668,52,298.03000000000003,34.19,04,0
2024-01-06,803.0,-0.1876629018245004,1,-255.91666666666663,1,464.4533333333334,556.17,04,1
2024-01-13,735.54,-0.2213903743315508,1,-124.75,2,698.2366666666667,803.0,04,1
2024-01-27,133.44,-0.0728571428571428,0,-183.08333333333331,4,557.3266666666667,735.54,04,1
2024-02-03,173.08,-0.4453004622496148,1,-263.6666666666667,5,347.3533333333334,133.44,04,0
2024-02-10,16.81,-0.4777777777777777,0,-66.91666666666667,6,107.7766666666667,173.08,04,0
2024-02-17,19.57,0.0851063829787233,0,25.5,7,69.82000000000004,16.81,04,0
2024-02-24,22.97,0.0,0,-9.5,8,19.78333333333337,19.57,04,0
2024-03-02,8.71,-0.1078431372549019,0,-46.16666666666666,9,17.08333333333337,22.97,04,1
2024-03-09,20.13,-0.3076923076923077,0,-23.83333333333333,10,17.27000000000004,8.71,04,0
2024-03-16,9.31,0.0634920634920634,0,-6.25,11,12.716666666666704,20.13,04,0
2024-03-23,6.51,-0.208955223880597,0,-18.5,12,11.983333333333372,9.31,04,0
2024-03-30,11.9,-0.0849056603773584,0,-9.0,13,9.240000000000038,6.51,04,0
2023-10-28,2.29,1.0,0,1.8333333333333333,43,1.3733333333333333,1.42,16,0
2023-11-04,0.58,0.25,0,-0.75,44,1.43,2.29,16,0
2023-11-11,6.66,-0.1999999999999999,0,3.6666666666666665,45,3.176666666666667,0.58,16,0
2023-11-18,1.19,1.75,0,1.5,46,2.81,6.66,16,1
2023-11-25,9.68,-0.2727272727272727,0,1.8333333333333333,47,5.843333333333334,1.19,16,0
2023-12-02,27.26,1.375,1,20.666666666666668,48,12.71,9.68,16,1
2023-12-09,30.96,1.4210526315789471,1,23.08333333333333,49,22.633333333333336,27.26,16,0
2023-12-16,33.22,0.4565217391304348,1,34.0,50,30.48,30.96,16,0
2023-12-23,17.39,0.7164179104477613,0,54.75,51,27.19,33.22,16,0
2023-12-30,57.59,0.4173913043478261,1,25.08333333333333,52,36.06666666666667,17.39,16,0
2024-01-06,194.81,-0.0368098159509202,1,-36.833333333333336,1,89.93,57.59,16,1
2024-01-13,123.41,-0.3503184713375796,1,-51.0,2,125.27000000000002,194.81,16,1
2024-01-27,21.28,-0.2159090909090909,0,-12.666666666666666,4,113.16666666666669,123.41,16,1
2024-02-03,12.23,0.0289855072463767,0,-1.75,5,52.306666666666665,21.28,16,0
2024-02-10,10.58,-0.1408450704225352,0,-9.75,6,14.696666666666667,12.23,16,0
2024-02-17,43.5,-0.0327868852459016,1,20.166666666666668,7,22.10333333333333,10.58,16,0
2024-02-24,6.19,0.5254237288135593,0,0.5833333333333334,8,20.09,43.5,16,0
2024-03-02,9.27,-0.3222222222222222,0,-14.083333333333334,9,19.65333333333333,6.19,16,1
2024-03-09,12.08,0.1475409836065573,0,7.583333333333333,10,9.18,9.27,16,0
2024-03-16,4.32,-0.0285714285714285,0,-8.666666666666666,11,8.556666666666667,12.08,16,0
2024-03-23,3.32,-0.1911764705882352,0,-11.5,12,6.573333333333333,4.32,16,0
2024-03-30,5.28,-0.1818181818181817,0,-10.0,13,4.306666666666667,3.32,16,0
2023-10-28,14.53,0.2903225806451612,0,12.916666666666666,43,6.216666666666666,1.37,13,0
2023-11-04,74.7,0.5,0,42.16666666666666,44,30.2,14.53,13,0
2023-11-11,91.7,0.9333333333333332,0,39.0,45,60.31,74.7,13,0
2023-11-18,76.81,0.146551724137931,0,12.916666666666666,46,81.07000000000001,91.7,13,1
2023-11-25,68.3,0.1729323308270676,0,49.25,47,78.93666666666667,76.81,13,0
2023-12-02,72.03,0.4423076923076923,0,44.25,48,72.38000000000001,68.3,13,1
2023-12-09,206.67,0.1599999999999999,1,95.5,49,115.66666666666669,72.03,13,0
2023-12-16,354.16,0.6934865900383143,1,247.33333333333331,50,210.95333333333332,206.67,13,0
2023-12-23,347.51,0.6877828054298643,1,421.3333333333333,51,302.78000000000003,354.16,13,0
2023-12-30,122.55,0.5241286863270778,1,-3.4166666666666665,52,274.74,347.51,13,0
2024-01-06,553.6,-0.3271767810026385,1,-310.75,1,341.22,122.55,13,1
2024-01-13,542.92,-0.1699346405228757,1,-138.75,2,406.3566666666666,553.6,13,1
2024-01-27,96.94,-0.0819999999999999,0,-149.25,4,397.82,542.92,13,1
2024-02-03,49.17,-0.2287581699346405,0,-69.33333333333333,5,229.67666666666665,96.94,13,0
2024-02-10,37.51,-0.1299435028248587,0,-40.75,6,61.20666666666667,49.17,13,0
2024-02-17,18.66,-0.159090909090909,0,-67.33333333333333,7,35.11333333333334,37.51,13,0
2024-02-24,46.75,-0.2741312741312741,0,-25.33333333333333,8,34.306666666666665,18.66,13,0
2024-03-02,14.22,0.074468085106383,0,-8.583333333333334,9,26.543333333333333,46.75,13,1
2024-03-09,4.33,-0.2277227722772277,0,-55.16666666666666,10,21.766666666666666,14.22,13,0
2024-03-16,3.42,-0.3205128205128205,0,-37.833333333333336,11,7.323333333333333,4.33,13,0
2024-03-23,14.89,-0.2264150943396226,0,-21.0,12,7.546666666666667,3.42,13,0
2024-03-30,2.64,-0.2195121951219512,0,-18.0,13,6.983333333333334,14.89,13,0
2023-10-28,28.51,0.4901960784313726,0,17.25,43,14.193333333333332,10.61,06,0
2023-11-04,148.21,0.2763157894736843,0,71.58333333333333,44,62.443333333333335,28.51,06,0
2023-11-11,286.21,1.2886597938144329,1,145.25,45,154.31,148.21,06,0
2023-11-18,255.47,0.6216216216216217,1,98.83333333333331,46,229.9633333333333,286.21,06,1
2023-11-25,26.14,0.2138888888888888,0,131.91666666666666,47,189.2733333333333,255.47,06,0
2023-12-02,59.62,0.4439359267734553,0,193.66666666666663,48,113.74333333333334,26.14,06,1
2023-12-09,50.14,0.2789223454833598,0,143.75,49,45.3,59.62,06,0
2023-12-16,538.85,0.2342007434944237,1,456.5833333333333,50,216.20333333333332,50.14,06,0
2023-12-23,55.73,0.6385542168674698,0,452.9166666666667,51,214.90666666666667,538.85,06,0
2023-12-30,800.5,0.0735294117647058,1,-144.16666666666666,52,465.0266666666666,55.73,06,0
2024-01-06,1194.21,-0.1894977168949772,1,-404.1666666666667,1,683.48,800.5,06,1
2024-01-13,767.03,-0.2746478873239436,1,-373.0833333333333,2,920.58,1194.21,06,1
2024-01-27,58.0,-0.3224568138195777,0,-257.9166666666667,4,673.08,767.03,06,1
2024-02-03,25.02,-0.2677053824362606,0,-138.16666666666666,5,283.35,58.0,06,0
2024-02-10,16.11,-0.2050290135396518,0,-92.16666666666669,6,33.04333333333333,25.02,06,0
2024-02-17,27.65,-0.2019464720194647,0,-53.333333333333336,7,22.926666666666662,16.11,06,0
2024-02-24,43.46,-0.0853658536585365,0,-22.33333333333333,8,29.07333333333333,27.65,06,0
2024-03-02,15.06,-0.1033333333333333,0,-50.41666666666666,9,28.723333333333333,43.46,06,1
2024-03-09,38.5,-0.2304832713754646,0,-42.91666666666666,10,32.34,15.06,06,0
2024-03-16,50.76,-0.0869565217391304,0,-14.0,11,34.77333333333333,38.5,06,0
2024-03-23,55.2,-0.074074074074074,0,-4.0,12,48.153333333333336,50.76,06,0
2024-03-30,35.68,0.0342857142857142,0,6.0,13,47.21333333333333,55.2,06,0
2023-10-28,1.09,-0.75,0,-2.5,43,1.7033333333333334,0.78,11,0
2023-11-04,0.76,-1.0,0,-0.75,44,0.8766666666666666,1.09,11,0
2023-12-02,4.22,0.375,0,2.75,48,5.483333333333334,5.41,11,1
2023-12-09,1.98,0.2727272727272727,0,2.833333333333333,49,3.870000000000001,4.22,11,0
2023-12-16,19.88,0.4285714285714286,1,17.5,50,8.693333333333333,1.98,11,0
2023-12-23,10.6,1.2999999999999998,1,21.25,51,10.82,19.88,11,0
2023-12-30,18.55,0.2391304347826086,1,4.583333333333333,52,16.343333333333334,10.6,11,0
2024-01-06,44.24,-0.0350877192982456,1,-11.25,1,24.46333333333333,18.55,11,1
2024-01-13,47.17,-0.3272727272727272,1,-19.58333333333333,2,36.653333333333336,44.24,11,1
2024-01-27,1.78,-0.2222222222222222,0,-7.916666666666667,4,31.063333333333333,47.17,11,1
2024-02-03,2.14,-0.0476190476190476,0,-3.1666666666666665,5,17.03,1.78,11,0
2024-02-10,10.36,-0.3,1,-0.4166666666666667,6,4.76,2.14,11,0
2024-02-17,4.06,0.3571428571428572,0,3.083333333333333,7,5.52,10.36,11,0
2024-02-24,5.43,-0.0526315789473684,0,-4.5,8,6.616666666666666,4.06,11,0
2024-03-02,26.43,-0.1666666666666666,1,12.416666666666666,9,11.973333333333334,5.43,11,1
2024-03-09,3.02,1.4,0,-0.8333333333333334,10,11.626666666666669,26.43,11,0
2024-03-16,3.76,-0.6111111111111112,0,-10.916666666666666,11,11.07,3.02,11,0
2024-03-23,3.15,0.4285714285714286,0,2.0,12,3.31,3.76,11,0
2024-03-30,4.19,-0.0999999999999999,0,-2.0,13,3.7000000000000006,3.15,11,0
2023-10-28,3.37,6.0,0,7.166666666666667,43,3.543333333333333,0.93,09,0
2023-11-04,1.72,0.7142857142857142,0,-3.083333333333333,44,2.006666666666667,3.37,09,0
2023-11-11,9.26,-0.5833333333333333,0,4.5,45,4.783333333333334,1.72,09,0
2023-11-18,19.41,3.4000000000000004,0,14.916666666666666,46,10.13,9.26,09,1
2023-11-25,41.6,0.5,1,17.583333333333332,47,23.42333333333333,19.41,09,0
2023-12-02,16.52,0.7272727272727273,0,19.166666666666668,48,25.843333333333334,41.6,09,1
2023-12-09,25.98,0.2982456140350877,0,35.166666666666664,49,28.03333333333333,16.52,09,0
2023-12-16,8.76,0.6216216216216217,0,15.916666666666666,50,17.086666666666666,25.98,09,0
2023-12-23,10.89,-0.0416666666666666,0,41.583333333333336,51,15.21,8.76,09,0
2023-12-30,92.01,0.6869565217391305,1,31.416666666666668,52,37.22,10.89,09,0
2024-01-06,115.0,-0.1391752577319587,1,-26.75,1,72.63333333333334,92.01,09,1
2024-01-13,143.37,-0.0479041916167665,1,-0.4166666666666667,2,116.79333333333334,115.0,09,1
2024-01-27,4.86,0.21875,0,-29.916666666666668,4,87.74333333333334,143.37,09,1
2024-02-03,38.15,-0.2884615384615384,1,-6.0,5,62.126666666666665,4.86,09,0
2024-02-10,13.36,0.2792792792792793,0,3.9166666666666665,6,18.79,38.15,09,0
2024-02-17,66.23,-0.1619718309859155,1,12.166666666666666,7,39.24666666666667,13.36,09,0
2024-02-24,66.74,0.4537815126050419,1,60.75,8,48.77666666666666,66.23,09,0
2024-03-02,21.45,0.23121387283237,0,-3.75,9,51.47333333333333,66.74,09,1
2024-03-09,29.91,-0.2253521126760563,0,-67.83333333333333,10,39.36666666666666,21.45,09,0
2024-03-16,33.44,-0.3939393939393939,0,-44.333333333333336,11,28.266666666666666,29.91,09,0
2024-03-23,27.44,-0.17,0,-5.5,12,30.263333333333325,33.44,09,0
2024-03-30,6.95,0.072289156626506,0,6.0,13,22.61,27.44,09,0
2023-10-28,1.65,0.0,0,3.0,43,1.653333333333333,1.45,19,0
2023-11-04,3.73,1.5,0,5.166666666666667,44,2.276666666666667,1.65,19,0
2023-11-11,4.47,0.3,0,0.75,45,3.283333333333333,3.73,19,0
2023-11-18,10.23,0.0769230769230768,0,6.5,46,6.1433333333333335,4.47,19,1
2023-11-25,21.46,0.9285714285714286,0,17.416666666666668,47,12.053333333333333,10.23,19,0
2023-12-02,2.64,0.6296296296296295,0,8.333333333333334,48,11.443333333333332,21.46,19,1
2023-12-09,4.5,0.0,0,-1.25,49,9.533333333333331,2.64,19,0
2023-12-16,11.62,0.1363636363636364,0,26.08333333333333,50,6.253333333333333,4.5,19,0
2023-12-23,10.34,0.8,0,28.5,51,8.82,11.62,19,0
2023-12-30,27.61,0.1,1,-0.1666666666666666,52,16.523333333333333,10.34,19,0
2024-01-06,60.41,-0.0505050505050505,1,-8.833333333333334,1,32.78666666666667,27.61,19,1
2024-01-13,43.1,-0.1063829787234043,1,-12.666666666666666,2,43.70666666666667,60.41,19,1
2024-01-27,30.52,-0.1999999999999999,1,13.833333333333334,4,44.67666666666667,43.1,19,1
2024-02-03,24.73,0.4078947368421053,1,20.666666666666668,5,32.78333333333333,30.52,19,0
2024-02-10,23.58,0.0467289719626167,1,4.583333333333333,6,26.276666666666667,24.73,19,0
2024-02-17,40.36,0.1071428571428572,1,23.916666666666668,7,29.55666666666667,23.58,19,0
2024-02-24,61.92,0.2661290322580645,1,31.83333333333333,8,41.95333333333333,40.36,19,0
2024-03-02,59.92,0.1464968152866241,1,14.75,9,54.06666666666666,61.92,19,1
2024-03-09,11.93,-0.011111111111111,0,-38.083333333333336,10,44.59,59.92,19,0
2024-03-16,26.91,-0.3539325842696629,1,-48.5,11,32.92,11.93,19,0
2024-03-23,30.91,-0.1826086956521738,1,-12.5,12,23.25,26.91,19,0
2024-03-30,19.68,-0.0425531914893616,0,-4.0,13,25.83333333333333,30.91,19,0
2023-10-28,12.8,0.4285714285714286,1,5.916666666666667,43,12.443333333333332,9.83,02,0
2023-11-04,1.89,0.1,0,6.333333333333333,44,8.173333333333334,12.8,02,0
2023-11-11,18.47,0.1818181818181818,1,-9.333333333333334,45,11.053333333333333,1.89,02,0
2023-11-18,35.55,-0.5641025641025641,1,-15.166666666666666,46,18.636666666666667,18.47,02,1
2023-11-25,22.39,-0.1764705882352941,1,0.75,47,25.47,35.55,02,0
2023-12-02,1.63,0.0714285714285714,0,1.0833333333333333,48,19.856666666666666,22.39,02,1
2023-12-09,0.44,-0.0666666666666666,0,-6.583333333333333,49,8.153333333333334,1.63,02,0
2023-12-16,0.68,-0.7142857142857143,0,-5.083333333333333,50,0.9166666666666666,0.44,02,0
2023-12-23,1.73,0.25,0,0.75,51,0.95,0.68,02,0
2023-12-30,0.95,-0.1999999999999999,0,-0.1666666666666666,52,1.12,1.73,02,0
2024-01-06,1.17,0.25,0,1.1666666666666667,1,1.2833333333333332,0.95,02,1
2024-01-13,7.54,0.1999999999999999,1,1.0,2,3.22,1.17,02,1
2024-01-27,5.92,-0.2222222222222222,0,0.8333333333333334,4,4.876666666666666,7.54,02,1
2024-02-03,7.29,0.1428571428571428,1,3.0,5,6.916666666666667,5.92,02,0
2024-02-10,1.0,0.375,0,-3.75,6,4.736666666666666,7.29,02,0
2024-02-17,1.0,-0.8181818181818181,0,-4.916666666666667,7,3.0966666666666662,1.0,02,0
2024-02-24,5.53,1.0,0,6.5,8,2.51,1.0,02,0
2024-03-02,1.06,1.75,0,0.0833333333333333,9,2.53,5.53,02,1
2024-03-09,3.24,-0.5454545454545454,0,-1.8333333333333333,10,3.276666666666667,1.06,02,0
2024-03-16,5.64,0.8,0,3.583333333333333,11,3.313333333333333,3.24,02,0
2024-03-23,3.64,0.1111111111111111,0,-0.5,12,4.173333333333333,5.64,02,0
2024-03-30,0.53,-0.1999999999999999,0,-2.0,13,3.27,3.64,02,0
2023-10-28,1.66,-0.2777777777777778,0,-0.75,43,2.523333333333333,1.12,05,0
2023-11-04,5.45,0.3846153846153846,0,7.416666666666667,44,2.7433333333333336,1.66,05,0
2023-11-11,1.23,0.3333333333333332,0,-1.8333333333333333,45,2.78,5.45,05,0
2023-11-18,3.81,-0.2916666666666666,0,1.5,46,3.4966666666666666,1.23,05,1
2023-11-25,1.49,0.588235294117647,0,3.25,47,2.1766666666666667,3.81,05,0
2023-12-02,19.24,-0.1111111111111111,0,6.333333333333333,48,8.18,1.49,05,1
2023-12-09,30.0,0.7083333333333333,0,13.583333333333334,49,16.91,19.24,05,0
2023-12-16,48.73,0.2926829268292683,1,23.08333333333333,50,32.656666666666666,30.0,05,0
2023-12-23,103.73,0.8113207547169812,1,73.25,51,60.81999999999999,48.73,05,0
2023-12-30,16.85,0.9479166666666669,0,77.83333333333333,52,56.43666666666667,103.73,05,0
2024-01-06,82.32,0.2513368983957218,1,9.0,1,67.63333333333334,16.85,05,1
2024-01-13,112.69,-0.047008547008547,1,23.166666666666668,2,70.62,82.32,05,1
2024-01-27,6.73,0.2158590308370043,0,9.833333333333334,4,67.24666666666667,112.69,05,1
2024-02-03,40.81,-0.1123188405797102,1,7.75,5,53.41,6.73,05,0
2024-02-10,10.96,0.1918367346938776,0,8.75,6,19.500000000000007,40.81,05,0
2024-02-17,21.48,-0.1164383561643835,0,-14.083333333333334,7,24.416666666666675,10.96,05,0
2024-02-24,14.66,0.0658914728682169,0,17.083333333333332,8,15.700000000000008,21.48,05,0
2024-03-02,5.41,0.0109090909090909,0,-13.666666666666666,9,13.850000000000009,14.66,05,1
2024-03-09,43.98,-0.1115107913669064,1,-39.16666666666666,10,21.350000000000005,5.41,05,0
2024-03-16,121.75,-0.1983805668016194,1,-78.33333333333333,11,57.046666666666674,43.98,05,0
2024-03-23,144.75,-0.4696969696969697,1,-58.0,12,103.49333333333334,121.75,05,0
2024-03-30,36.06,-0.219047619047619,0,-23.0,13,100.85333333333334,144.75,05,0
2023-10-28,0.76,0.0,0,0.5833333333333334,43,1.9533333333333331,1.07,15,0
2023-11-04,2.18,0.0769230769230768,0,0.6666666666666666,44,1.336666666666667,0.76,15,0
2023-11-11,14.06,0.1428571428571428,1,8.916666666666666,45,5.666666666666667,2.18,15,0
2023-11-18,6.42,0.8125,1,5.916666666666667,46,7.553333333333335,14.06,15,1
2023-11-25,0.98,-0.1034482758620689,0,-5.416666666666667,47,7.153333333333332,6.42,15,0
2023-12-02,2.0,-0.1153846153846154,0,4.833333333333333,48,3.1333333333333333,0.98,15,1
2023-12-09,4.15,0.4347826086956521,0,2.5,49,2.376666666666667,2.0,15,0
2023-12-16,4.12,-0.1818181818181817,0,-4.083333333333333,50,3.4233333333333333,4.15,15,0
2023-12-23,1.09,0.0370370370370369,0,2.75,51,3.120000000000001,4.12,15,0
2023-12-30,3.06,0.1428571428571428,0,8.166666666666666,52,2.7566666666666664,1.09,15,0
2024-01-06,14.48,0.25,1,-4.833333333333333,1,6.21,3.06,15,1
2024-01-13,15.07,-0.375,1,-4.416666666666667,2,10.87,14.48,15,1
2024-01-27,14.93,0.3043478260869565,1,-11.416666666666666,4,14.826666666666666,15.07,15,1
2024-02-03,1.12,-0.8333333333333334,0,-7.416666666666667,5,10.373333333333331,14.93,15,0
2024-02-10,1.58,2.4,0,4.666666666666667,6,5.876666666666665,1.12,15,0
2024-02-17,4.21,-0.4117647058823529,0,-2.9166666666666665,7,2.303333333333333,1.58,15,0
2024-02-24,8.2,0.3999999999999999,1,4.666666666666667,8,4.663333333333333,4.21,15,0
2024-03-02,2.12,0.1428571428571428,0,-4.0,9,4.843333333333333,8.2,15,1
2024-03-09,7.63,-0.4375,1,2.0,10,5.983333333333332,2.12,15,0
2024-03-16,0.24,1.0,0,-1.25,11,3.33,7.63,15,0
2024-03-23,0.93,-0.6666666666666667,0,-5.5,12,2.933333333333333,0.24,15,0
2024-03-30,1.08,0.1666666666666667,0,1.0,13,0.7499999999999994,0.93,15,0
2023-11-04,0.33,0.0,0,-0.0833333333333333,44,0.4633333333333334,0.53,10,0
2023-11-11,1.01,0.0,0,0.6666666666666666,45,0.6233333333333334,0.33,10,0
2023-11-18,0.93,1.0,0,-0.0833333333333333,46,0.7566666666666667,1.01,10,1
2023-11-25,0.25,-0.5,0,-0.75,47,0.73,0.93,10,0
2023-12-02,3.36,1.0,0,4.666666666666667,48,1.5133333333333334,0.25,10,1
2023-12-09,8.49,4.0,1,8.75,49,4.033333333333333,3.36,10,0
2023-12-16,10.36,0.8,1,4.5,50,7.403333333333333,8.49,10,0
2023-12-23,16.39,0.3333333333333332,1,24.83333333333333,51,11.746666666666668,10.36,10,0
2023-12-30,31.6,1.5,1,14.666666666666666,52,19.45,16.39,10,0
2024-01-06,33.84,-0.1999999999999999,1,-17.666666666666668,1,27.27666666666667,31.6,10,1
2024-01-13,21.3,-0.2916666666666666,1,-10.416666666666666,2,28.913333333333338,33.84,10,1
2024-01-27,5.12,-0.125,0,-4.083333333333333,4,20.08666666666667,21.3,10,1
2024-02-03,10.38,-0.1071428571428571,1,-2.1666666666666665,5,12.266666666666666,5.12,10,0
2024-02-10,20.51,0.0,1,7.666666666666667,6,12.003333333333336,10.38,10,0
2024-02-17,1.61,0.4399999999999999,0,-1.3333333333333333,7,10.833333333333334,20.51,10,0
2024-02-24,8.84,-0.3333333333333333,1,-2.083333333333333,8,10.32,1.61,10,0
2024-03-02,4.84,0.375,0,2.833333333333333,9,5.096666666666667,8.84,10,1
2024-03-09,2.38,-0.2121212121212121,0,-9.333333333333334,10,5.353333333333333,4.84,10,0
2024-03-16,1.39,-0.3076923076923077,0,-5.166666666666667,11,2.87,2.38,10,0
2024-03-23,1.7,-0.1111111111111111,0,-1.5,12,1.8233333333333333,1.39,10,0
2024-03-30,2.97,-0.0625,0,-1.0,13,2.02,1.7,10,0
2023-10-28,8.34,-0.2222222222222222,0,1.6666666666666667,43,4.836666666666667,0.96,17,0
2023-11-04,22.82,0.6190476190476191,0,18.25,44,10.706666666666669,8.34,17,0
2023-11-11,40.82,0.588235294117647,0,18.58333333333333,45,23.99333333333333,22.82,17,0
2023-11-18,52.7,0.3333333333333332,0,21.08333333333333,46,38.78,40.82,17,1
2023-11-25,93.78,0.4166666666666667,1,49.41666666666666,47,62.43333333333334,52.7,17,0
2023-12-02,21.29,0.6176470588235294,0,53.5,48,55.92333333333334,93.78,17,1
2023-12-09,7.5,0.2424242424242424,0,29.166666666666668,49,40.85666666666666,21.29,17,0
2023-12-16,138.08,0.2390243902439024,1,138.33333333333334,50,55.623333333333335,7.5,17,0
2023-12-23,18.32,0.8267716535433072,0,189.83333333333331,51,54.63333333333333,138.08,17,0
2023-12-30,224.37,0.2435344827586207,1,20.83333333333333,52,126.92333333333332,18.32,17,0
2024-01-06,471.8,-0.1143847487001733,1,-115.58333333333331,1,238.16333333333333,224.37,17,1
2024-01-13,391.43,-0.2563600782778865,1,-131.91666666666666,2,362.5333333333333,471.8,17,1
2024-01-27,62.73,-0.1791044776119402,0,-50.25,4,308.65333333333336,391.43,17,1
2024-02-03,35.03,-0.0109090909090908,0,-6.833333333333333,5,163.06333333333333,62.73,17,0
2024-02-10,56.83,-0.0808823529411765,0,-8.666666666666666,6,51.53,35.03,17,0
2024-02-17,89.15,0.048,1,27.75,7,60.33666666666667,56.83,17,0
2024-02-24,119.36,0.1412213740458014,1,44.41666666666666,8,88.44666666666667,89.15,17,0
2024-03-02,57.36,0.1070234113712373,0,-19.666666666666668,9,88.62333333333333,119.36,17,1
2024-03-09,23.21,-0.1873111782477341,0,-41.75,10,66.64333333333333,57.36,17,0
2024-03-16,8.55,-0.0408921933085502,0,-24.75,11,29.706666666666667,23.21,17,0
2024-03-23,8.34,-0.1627906976744185,0,-27.0,12,13.366666666666667,8.55,17,0
2024-03-30,6.33,-0.0555555555555555,0,-12.0,13,7.739999999999999,8.34,17,0
2023-10-28,12.76,0.1875,0,6.916666666666667,43,7.169999999999999,2.64,08,0
2023-11-04,21.64,0.631578947368421,0,14.833333333333334,44,12.346666666666666,12.76,08,0
2023-11-11,71.49,0.6774193548387097,1,37.5,45,35.29666666666666,21.64,08,0
2023-11-18,65.8,0.9615384615384616,1,48.75,46,52.97666666666667,71.49,08,1
2023-11-25,11.92,0.3431372549019607,0,7.583333333333333,47,49.73666666666667,65.8,08,0
2023-12-02,59.36,-0.0802919708029197,1,0.8333333333333334,48,45.69333333333333,11.92,08,1
2023-12-09,14.86,0.2142857142857142,0,53.083333333333336,49,28.71333333333333,59.36,08,0
2023-12-16,9.66,0.4379084967320261,0,47.66666666666666,50,27.96,14.86,08,0
2023-12-23,18.91,0.1454545454545455,0,71.08333333333333,51,14.476666666666668,9.66,08,0
2023-12-30,126.86,0.373015873015873,1,31.83333333333333,52,51.81,18.91,08,0
2024-01-06,182.25,-0.1098265895953757,1,-38.083333333333336,1,109.34,126.86,08,1
2024-01-13,257.13,-0.0714285714285714,1,-40.16666666666666,2,188.74666666666667,182.25,08,1
2024-01-27,18.95,0.1624365482233503,0,-50.66666666666666,4,152.77666666666664,257.13,08,1
2024-02-03,27.74,-0.1441048034934497,0,-9.583333333333334,5,101.27333333333333,18.95,08,0
2024-02-10,6.53,0.0,0,-31.0,6,17.73999999999998,27.74,08,0
2024-02-17,12.13,-0.3010204081632652,0,-36.083333333333336,7,15.466666666666644,6.53,08,0
2024-02-24,3.93,-0.0583941605839416,0,-19.75,8,7.529999999999981,12.13,08,0
2024-03-02,4.47,-0.2790697674418605,0,-28.58333333333333,9,6.843333333333315,3.93,08,1
2024-03-09,31.35,-0.1290322580645161,0,4.666666666666667,10,13.24999999999998,4.47,08,0
2024-03-16,34.4,0.1851851851851851,0,12.75,11,23.40666666666665,31.35,08,0
2024-03-23,9.02,0.0104166666666667,0,-14.0,12,24.92333333333332,34.4,08,0
2024-03-30,3.5,-0.2989690721649485,0,-29.0,13,15.63999999999998,9.02,08,0
2023-10-28,218.28,0.071917808219178,1,80.75,43,129.26666666666668,88.74,12,0
2023-11-04,136.41,0.4185303514376997,1,69.33333333333333,44,147.80999999999997,218.28,12,0
2023-11-11,326.41,0.0405405405405405,1,106.33333333333331,45,227.0333333333334,136.41,12,0
2023-11-18,276.78,0.4112554112554112,1,134.0,46,246.53333333333333,326.41,12,1
2023-11-25,35.56,0.0751533742331287,0,38.91666666666666,47,212.91666666666663,276.78,12,0
2023-12-02,24.91,0.0670470756062766,0,25.33333333333333,48,112.41666666666669,35.56,12,1
2023-12-09,19.82,0.0200534759358288,0,40.0,49,26.763333333333332,24.91,12,0
2023-12-16,31.2,0.1061598951507207,0,101.66666666666669,50,25.31,19.82,12,0
2023-12-23,215.91,0.1718009478672986,1,273.5833333333333,51,88.97666666666667,31.2,12,0
2023-12-30,51.11,0.3508594539939333,0,265.75,52,99.40666666666668,215.91,12,0
2024-01-06,373.8,0.0598802395209581,1,-163.91666666666666,1,213.60666666666668,51.11,12,1
2024-01-13,478.6,-0.2436440677966102,1,-334.5833333333333,2,301.17,373.8,12,1
2024-01-27,102.02,-0.0585585585585585,0,-191.0,4,318.14000000000004,478.6,12,1
2024-02-03,64.2,-0.1495215311004785,0,27.416666666666668,5,214.94000000000003,102.02,12,0
2024-02-10,20.3,0.1645569620253164,0,-4.416666666666667,6,62.17333333333334,64.2,12,0
2024-02-17,21.85,-0.1811594202898551,0,-120.91666666666669,7,35.45,20.3,12,0
2024-02-24,16.14,-0.0781710914454277,0,-69.0,8,19.430000000000003,21.85,12,0
2024-03-02,15.71,-0.1392,0,-47.16666666666666,9,17.900000000000002,16.14,12,1
2024-03-09,62.31,-0.0037174721189591,0,12.416666666666666,10,31.386666666666667,15.71,12,0
2024-03-16,23.54,-0.0074626865671642,0,-60.833333333333336,11,33.85333333333333,62.31,12,0
2024-03-23,14.53,-0.1954887218045112,0,-64.0,12,33.459999999999994,23.54,12,0
2024-03-30,10.74,-0.0560747663551401,0,-24.0,13,16.269999999999996,14.53,12,0
2023-10-28,1.43,-0.2857142857142857,0,-1.1666666666666667,43,1.7366666666666666,2.12,20,0
2023-11-04,2.53,0.1999999999999999,0,2.4166666666666665,44,2.026666666666667,1.43,20,0
2023-11-11,8.62,0.6666666666666667,0,5.916666666666667,45,4.1933333333333325,2.53,20,0
2023-11-18,14.66,0.8,0,10.75,46,8.603333333333333,8.62,20,1
2023-11-25,21.29,0.6666666666666667,0,10.416666666666666,47,14.856666666666667,14.66,20,0
2023-12-02,2.94,0.2333333333333334,0,2.583333333333333,48,12.963333333333331,21.29,20,1
2023-12-09,3.12,0.0,0,-1.0833333333333333,49,9.116666666666667,2.94,20,0
2023-12-16,24.65,0.162162162162162,1,31.33333333333333,50,10.236666666666666,3.12,20,0
2023-12-23,5.02,1.116279069767442,0,28.666666666666668,51,10.93,24.65,20,0
2023-12-30,33.86,0.0219780219780219,1,-3.4166666666666665,52,21.176666666666662,5.02,20,0
2024-01-06,34.9,0.0,1,6.583333333333333,1,24.593333333333334,33.86,20,1
2024-01-13,72.83,0.075268817204301,1,-22.0,2,47.196666666666665,34.9,20,1
2024-01-27,59.04,0.0303030303030302,1,31.166666666666668,4,55.59,72.83,20,1
2024-02-03,65.7,1.3088235294117645,1,65.08333333333333,5,65.85666666666667,59.04,20,0
2024-02-10,8.74,0.1146496815286624,0,10.5,6,44.49333333333334,65.7,20,0
2024-02-17,70.88,0.0,1,-53.583333333333336,7,48.44,8.74,20,0
2024-02-24,28.05,-0.5085714285714286,1,-51.083333333333336,8,35.88999999999999,70.88,20,0
2024-03-02,25.44,0.0232558139534884,1,10.0,9,41.45666666666667,28.05,20,1
2024-03-09,10.14,0.0454545454545454,0,11.666666666666666,10,21.21,25.44,20,0
2024-03-16,9.68,0.1195652173913044,0,-15.833333333333334,11,15.086666666666666,10.14,20,0
2024-03-23,8.26,-0.3592233009708737,0,-16.5,12,9.36,9.68,20,0
2024-03-30,9.26,0.0606060606060605,0,4.0,13,9.066666666666666,8.26,20,0
2023-10-28,8.78,-0.4285714285714286,0,7.833333333333333,43,6.43,7.08,26,0
2023-11-04,5.37,1.8333333333333333,0,9.416666666666666,44,7.076666666666667,8.78,26,0
2023-11-11,26.38,-0.1176470588235294,0,5.666666666666667,45,13.51,5.37,26,0
2023-11-18,43.4,0.7333333333333334,0,32.666666666666664,46,25.05,26.38,26,1
2023-11-25,50.0,0.6923076923076923,0,24.416666666666668,47,39.92666666666666,43.4,26,0
2023-12-02,28.56,0.2045454545454545,0,38.5,48,40.65333333333333,50.0,26,1
2023-12-09,34.1,0.5943396226415094,0,74.91666666666667,49,37.553333333333335,28.56,26,0
2023-12-16,9.14,0.4082840236686391,0,15.583333333333334,50,23.933333333333334,34.1,26,0
2023-12-23,30.05,0.0294117647058822,0,168.83333333333334,51,24.43,9.14,26,0
2023-12-30,186.32,1.1510204081632651,1,129.33333333333334,52,75.17,30.05,26,0
2024-01-06,406.81,-0.1366223908918405,1,-115.41666666666669,1,207.7266666666667,186.32,26,1
2024-01-13,465.25,-0.1956043956043955,1,-66.5,2,352.7933333333333,406.81,26,1
2024-01-27,85.55,0.06875,0,25.416666666666668,4,319.2033333333333,465.25,26,1
2024-02-03,177.56,0.2309941520467835,1,139.91666666666666,5,242.78666666666663,85.55,26,0
2024-02-10,174.74,0.4014251781472684,1,125.08333333333331,6,145.95000000000002,177.56,26,0
2024-02-17,273.98,0.1372881355932202,1,127.33333333333331,7,208.76,174.74,26,0
2024-02-24,300.26,0.2533532041728763,1,137.41666666666666,8,249.66,273.98,26,0
2024-03-02,180.26,0.0713436385255648,1,-28.83333333333333,9,251.5,300.26,26,1
2024-03-09,254.53,-0.1331853496115427,1,-213.83333333333331,10,245.01666666666665,180.26,26,0
2024-03-23,220.35,-0.0782122905027933,1,-28.5,12,158.29333333333332,0.0,26,0
2024-03-30,81.76,-0.0303030303030302,0,-15.0,13,100.70333333333332,220.35,26,0
2023-10-28,12.89,0.1111111111111111,0,2.6666666666666665,43,7.2,7.89,24,0
2023-11-04,9.28,0.5,0,4.5,44,10.02,12.89,24,0
2023-11-11,17.28,0.2666666666666666,0,7.0,45,13.15,9.28,24,0
2023-11-18,6.05,0.4210526315789473,0,-1.75,46,10.87,17.28,24,1
2023-11-25,39.4,-0.1851851851851852,0,17.083333333333332,47,20.91,6.05,24,0
2023-12-02,22.52,1.727272727272727,0,30.0,48,22.656666666666663,39.4,24,1
2023-12-09,26.83,0.3,0,21.25,49,29.58333333333333,22.52,24,0
2023-12-16,77.2,0.4743589743589744,1,63.66666666666666,50,42.18333333333334,26.83,24,0
2023-12-23,32.82,0.8,0,121.66666666666669,51,45.61666666666667,77.2,24,0
2023-12-30,81.04,0.5845410628019323,1,65.83333333333333,52,63.68666666666667,32.82,24,0
2024-01-06,251.25,-0.0182926829268292,1,-52.333333333333336,1,121.70333333333332,81.04,24,1
2024-01-13,270.72,-0.2391304347826086,1,-82.75,2,201.00333333333333,251.25,24,1
2024-01-27,5.53,-0.1363636363636363,0,-70.41666666666667,4,175.83333333333337,270.72,24,1
2024-02-03,30.34,-0.3391812865497076,0,-29.83333333333333,5,102.19666666666669,5.53,24,0
2024-02-10,57.32,-0.0176991150442478,1,11.083333333333334,6,31.063333333333333,30.34,24,0
2024-02-17,46.88,0.1081081081081081,0,-0.5833333333333334,7,44.84666666666666,57.32,24,0
2024-02-24,98.06,-0.040650406504065,1,30.0,8,67.42,46.88,24,0
2024-03-02,97.06,0.4915254237288136,1,38.75,9,80.66666666666667,98.06,24,1
2024-03-09,11.09,-0.0056818181818182,0,-37.75,10,68.73666666666666,97.06,24,0
2024-03-16,9.79,-0.3485714285714285,0,-58.333333333333336,11,39.31333333333333,11.09,24,0
2024-03-23,9.35,-0.3421052631578947,0,-19.0,12,10.076666666666666,9.79,24,0
2024-03-30,11.65,0.0133333333333334,0,1.0,13,10.263333333333334,9.35,24,0
2023-10-28,12.89,0.4838709677419355,0,2.9166666666666665,43,14.293333333333337,18.36,22,0
2023-11-04,18.07,-0.1304347826086956,0,7.25,44,16.44,12.89,22,0
2023-11-11,49.07,0.625,1,31.25,45,26.676666666666662,18.07,22,0
2023-11-18,50.53,0.476923076923077,1,29.166666666666668,46,39.223333333333336,49.07,22,1
2023-11-25,25.28,0.2395833333333332,0,9.583333333333334,47,41.626666666666665,50.53,22,0
2023-12-02,10.18,0.0252100840336133,0,19.08333333333333,48,28.663333333333338,25.28,22,1
2023-12-09,13.24,0.2950819672131148,0,22.33333333333333,49,16.233333333333334,10.18,22,0
2023-12-16,58.2,0.1329113924050633,1,77.75,50,27.206666666666667,13.24,22,0
2023-12-23,13.14,0.7150837988826815,0,122.25,51,28.19333333333333,58.2,22,0
2023-12-30,116.72,0.241042345276873,1,-6.25,52,62.68666666666667,13.14,22,0
2024-01-06,213.53,-0.1942257217847769,1,-69.91666666666667,1,114.46333333333332,116.72,22,1
2024-01-13,286.89,-0.1726384364820846,1,-96.33333333333331,2,205.7133333333333,213.53,22,1
2024-01-27,11.51,-0.0780141843971631,0,-71.16666666666667,4,170.64333333333332,286.89,22,1
2024-02-03,8.55,-0.0692307692307692,0,-7.916666666666667,5,102.31666666666666,11.51,22,0
2024-02-10,9.22,-0.1983471074380165,0,-21.08333333333333,6,9.76,8.55,22,0
2024-02-17,23.13,-0.1237113402061855,0,2.25,7,13.633333333333336,9.22,22,0
2024-02-24,21.27,0.1176470588235294,0,-1.1666666666666667,8,17.87333333333333,23.13,22,0
2024-03-02,6.79,-0.1789473684210526,0,-22.916666666666668,9,17.063333333333333,21.27,22,1
2024-03-09,4.77,-0.2948717948717948,0,-20.166666666666668,10,10.943333333333332,6.79,22,0
2024-03-16,4.32,-0.2727272727272727,0,-12.166666666666666,11,5.293333333333333,4.77,22,0
2024-03-23,13.54,-0.175,0,4.0,12,7.543333333333333,4.32,22,0
2024-03-30,5.24,0.4545454545454546,0,15.0,13,7.7,13.54,22,0
2023-11-18,2.24,-0.4,0,-0.75,46,2.9266666666666663,2.27,30,1
2023-11-25,9.48,1.0,0,8.666666666666666,47,4.663333333333333,2.24,30,0
2023-12-02,2.93,2.0,0,7.166666666666667,48,4.883333333333334,9.48,30,1
2023-12-09,5.0,0.1666666666666667,0,6.666666666666667,49,5.803333333333334,2.93,30,0
2023-12-16,22.75,0.7619047619047619,1,29.83333333333333,50,10.226666666666668,5.0,30,0
2023-12-23,10.75,1.108108108108108,0,43.66666666666666,51,12.833333333333334,22.75,30,0
2023-12-30,64.23,0.4871794871794872,1,27.58333333333333,52,32.57666666666667,10.75,30,0
2024-01-06,92.33,0.1120689655172413,1,-3.6666666666666665,1,55.77,64.23,30,1
2024-01-13,120.14,-0.1162790697674418,1,-12.833333333333334,2,92.23333333333332,92.33,30,1
2024-01-27,32.49,0.308641975308642,1,-14.75,4,81.65333333333332,120.14,30,1
2024-02-03,12.15,-0.1886792452830188,0,-8.5,5,54.92666666666667,32.49,30,0
2024-02-10,21.57,-0.0465116279069767,1,-34.333333333333336,6,22.070000000000004,12.15,30,0
2024-02-17,7.07,-0.7073170731707317,0,-35.083333333333336,7,13.596666666666666,21.57,30,0
2024-02-24,2.07,-0.0833333333333333,0,6.5,8,10.236666666666666,7.07,30,0
2024-03-02,2.29,0.2272727272727273,0,3.0,9,3.81,2.07,30,1
2024-03-09,17.91,0.0370370370370369,0,6.083333333333333,10,7.423333333333333,2.29,30,0
2024-03-16,2.02,0.2857142857142858,0,-4.833333333333333,11,7.406666666666666,17.91,30,0
2024-03-23,4.4,-0.4166666666666666,0,-3.5,12,8.11,2.02,30,0
2024-03-30,4.0,0.3809523809523809,0,8.0,13,3.473333333333333,4.4,30,0
2023-10-28,8.0,0.1428571428571428,0,2.6666666666666665,43,4.32,3.0,32,0
2023-11-04,12.94,0.625,0,7.416666666666667,44,7.979999999999999,8.0,32,0
2023-11-11,20.94,0.6923076923076923,0,8.75,45,13.96,12.94,32,0
2023-11-18,18.36,0.3636363636363635,0,8.5,46,17.413333333333334,20.94,32,1
2023-11-25,12.55,0.3,0,6.75,47,17.283333333333335,18.36,32,0
2023-12-02,77.0,0.205128205128205,1,18.0,48,35.970000000000006,12.55,32,1
2023-12-09,118.0,0.6382978723404256,1,37.41666666666666,49,69.18333333333334,77.0,32,0
2023-12-16,158.0,0.5324675324675325,1,44.25,50,117.66666666666669,118.0,32,0
2023-12-23,164.0,0.3389830508474576,1,25.166666666666668,51,146.66666666666666,158.0,32,0
2023-12-30,143.0,0.0379746835443037,1,-12.75,52,155.0,164.0,32,0
2024-01-06,151.0,-0.1280487804878048,1,-1.25,1,152.66666666666666,143.0,32,1
2024-01-13,84.0,0.055944055944056,1,-40.5,2,126.0,151.0,32,1
2024-01-27,6.71,-0.1785714285714286,0,-53.0,4,80.57000000000001,84.0,32,1
2024-02-03,6.3,-0.1594202898550725,0,-14.333333333333334,5,32.336666666666666,6.71,32,0
2024-02-10,19.67,-0.396551724137931,0,-2.5,6,10.893333333333333,6.3,32,0
2024-02-17,12.81,0.4571428571428571,0,6.083333333333333,7,12.926666666666668,19.67,32,0
2024-02-24,22.15,-0.1568627450980392,0,-2.0,8,18.21,12.81,32,0
2024-03-02,16.15,0.1395348837209302,0,1.0833333333333333,9,17.036666666666665,22.15,32,1
2024-03-09,10.88,-0.1224489795918367,0,-7.166666666666667,10,16.393333333333334,16.15,32,0
2024-03-16,14.95,-0.1162790697674418,0,0.5833333333333334,11,13.993333333333332,10.88,32,0
2024-03-23,3.04,0.0789473684210526,0,-6.0,12,9.623333333333331,14.95,32,0
2024-03-30,10.87,-0.3658536585365853,0,-15.0,13,9.62,3.04,32,0
2023-10-28,2.95,0.3333333333333332,0,-7.416666666666667,43,11.68,19.38,34,0
2023-11-04,10.45,-0.409090909090909,0,1.3333333333333333,44,10.926666666666668,2.95,34,0
2023-11-11,3.39,0.7692307692307692,0,2.083333333333333,45,5.596666666666667,10.45,34,0
2023-11-18,32.08,-0.2826086956521739,0,10.75,46,15.306666666666668,3.39,34,1
2023-11-25,80.08,1.272727272727273,0,54.5,47,38.516666666666666,32.08,34,0
2023-12-02,26.49,0.72,0,34.0,48,46.21666666666667,80.08,34,1
2023-12-09,58.71,0.2403100775193798,0,82.75,49,55.09333333333334,26.49,34,0
2023-12-16,107.21,0.90625,1,169.66666666666666,50,64.13666666666667,58.71,34,0
2023-12-23,29.77,0.6065573770491803,0,243.08333333333331,51,65.23,107.21,34,0
2023-12-30,437.48,0.4959183673469387,1,95.91666666666669,52,191.48666666666668,29.77,34,0
2024-01-06,662.07,-0.0900409276944065,1,-96.66666666666669,1,376.44000000000005,437.48,34,1
2024-01-13,581.93,-0.1454272863568215,1,-180.5,2,560.4933333333333,662.07,34,1
2024-01-27,18.81,-0.2154195011337868,0,-130.66666666666666,4,420.93666666666667,581.93,34,1
2024-02-03,28.16,-0.0433526011560693,0,1.3333333333333333,5,209.63333333333333,18.81,34,0
2024-02-10,82.95,-0.0241691842900302,0,30.08333333333333,6,43.30666666666667,28.16,34,0
2024-02-17,13.07,0.1455108359133126,0,-18.33333333333333,7,41.39333333333334,82.95,34,0
2024-02-24,86.36,-0.1972972972972972,0,-13.75,8,60.79333333333333,13.07,34,0
2024-03-02,22.45,0.1548821548821548,0,-4.333333333333333,9,40.626666666666665,86.36,34,1
2024-03-09,10.1,-0.2069970845481049,0,-71.0,10,39.63666666666666,22.45,34,0
2024-03-16,15.24,-0.1838235294117647,0,-47.75,11,15.929999999999994,10.1,34,0
2024-03-23,12.77,-0.1846846846846846,0,-17.0,12,12.703333333333328,15.24,34,0
2024-03-30,7.19,0.0386740331491712,0,7.0,13,11.733333333333327,12.77,34,0
2023-10-28,3.71,-0.0999999999999999,0,5.333333333333333,43,4.69,2.94,28,0
2023-11-04,7.82,0.6666666666666667,0,11.166666666666666,44,4.823333333333333,3.71,28,0
2023-11-11,15.17,0.2666666666666666,0,8.25,45,8.9,7.82,28,0
2023-11-18,12.17,0.2105263157894736,0,2.083333333333333,46,11.72,15.17,28,1
2023-11-25,36.85,0.0217391304347827,1,17.916666666666668,47,21.396666666666665,12.17,28,0
2023-12-02,9.25,0.6382978723404256,0,11.833333333333334,48,19.423333333333336,36.85,28,1
2023-12-09,11.68,-0.0779220779220779,0,-0.0833333333333333,49,19.26,9.25,28,0
2023-12-16,92.2,0.352112676056338,1,67.41666666666667,50,37.71,11.68,28,0
2023-12-23,92.73,1.0833333333333337,1,119.08333333333331,51,65.53666666666668,92.2,28,0
2023-12-30,16.96,0.5,0,37.75,52,67.29666666666667,92.73,28,0
2024-01-06,111.86,-0.0866666666666666,1,-40.333333333333336,1,73.85000000000001,16.96,28,1
2024-01-13,174.18,-0.1423357664233576,1,-58.0,2,101.0,111.86,28,1
2024-01-27,27.35,-0.0120481927710843,0,-63.91666666666666,4,104.46333333333337,174.18,28,1
2024-02-03,11.09,-0.2926829268292683,0,-38.5,5,70.87333333333333,27.35,28,0
2024-02-10,34.59,-0.2327586206896551,1,-3.75,6,24.343333333333334,11.09,28,0
2024-02-17,2.45,0.0898876404494382,0,-17.833333333333332,7,16.043333333333333,34.59,28,0
2024-02-24,15.93,-0.4123711340206185,0,-13.166666666666666,8,17.656666666666666,2.45,28,0
2024-03-02,7.76,0.2982456140350877,0,7.083333333333333,9,8.713333333333333,15.93,28,1
2024-03-09,9.38,-0.1486486486486486,0,-8.583333333333334,10,11.023333333333332,7.76,28,0
2024-03-16,4.69,-0.0476190476190476,0,-8.083333333333334,11,7.276666666666667,9.38,28,0
2024-03-23,6.84,-0.1999999999999999,0,-4.5,12,6.97,4.69,28,0
2024-03-30,22.23,0.0625,0,3.0,13,11.253333333333332,6.84,28,0
2023-10-28,3.54,0.0,0,2.333333333333333,43,1.8833333333333333,0.87,27,0
2023-11-04,10.76,1.25,0,8.416666666666666,44,5.056666666666667,3.54,27,0
2023-11-11,7.94,1.0,0,2.333333333333333,45,7.413333333333334,10.76,27,0
2023-11-18,4.05,-0.1666666666666666,0,1.9166666666666667,46,7.583333333333333,7.94,27,1
2023-11-25,13.15,0.6000000000000001,0,10.166666666666666,47,8.38,4.05,27,0
2023-12-02,2.42,0.4166666666666667,0,10.75,48,6.539999999999999,13.15,27,1
2023-12-09,16.19,0.411764705882353,0,22.166666666666668,49,10.586666666666668,2.42,27,0
2023-12-16,23.4,0.625,0,28.416666666666668,50,14.003333333333336,16.19,27,0
2023-12-23,11.54,0.4102564102564103,0,64.0,51,17.043333333333333,23.4,27,0
2023-12-30,78.38,0.7181818181818183,1,31.75,52,37.77333333333333,11.54,27,0
2024-01-06,130.47,-0.1111111111111111,1,-21.5,1,73.46333333333332,78.38,27,1
2024-01-13,148.8,-0.0416666666666666,1,-12.75,2,119.21666666666668,130.47,27,1
2024-01-27,26.91,0.1707317073170731,1,-7.0,4,102.06000000000002,148.8,27,1
2024-02-03,26.86,0.0416666666666667,1,12.333333333333334,5,67.52333333333334,26.91,27,0
2024-02-10,29.08,0.0933333333333332,1,14.083333333333334,6,27.616666666666664,26.86,27,0
2024-02-17,8.35,0.0548780487804878,0,-6.0,7,21.430000000000003,29.08,27,0
2024-02-24,17.7,-0.0809248554913294,0,5.166666666666667,8,18.37666666666667,8.35,27,0
2024-03-02,11.81,0.1446540880503144,0,10.75,9,12.62,17.7,27,1
2024-03-09,4.83,-0.0439560439560439,0,-9.833333333333334,10,11.446666666666667,11.81,27,0
2024-03-16,16.47,-0.0574712643678161,0,-22.5,11,11.036666666666669,4.83,27,0
2024-03-23,23.91,-0.1890243902439023,0,-20.0,12,15.07,16.47,27,0
2024-03-30,21.47,-0.0676691729323308,0,-9.0,13,20.616666666666667,23.91,27,0
2023-10-28,8.71,1.0,0,9.416666666666666,43,5.676666666666667,7.06,25,0
2023-11-04,3.82,0.0714285714285714,0,0.5833333333333334,44,6.53,8.71,25,0
2023-11-11,3.82,0.0333333333333334,0,-1.25,45,5.45,3.82,25,0
2023-11-18,15.21,0.0,0,8.5,46,7.616666666666667,3.82,25,1
2023-11-25,41.97,0.6451612903225807,0,30.83333333333333,47,20.33333333333333,15.21,25,0
2023-12-02,11.22,0.7254901960784315,0,30.666666666666668,48,22.8,41.97,25,1
2023-12-09,80.45,0.3295454545454546,0,48.083333333333336,49,44.546666666666674,11.22,25,0
2023-12-16,66.44,0.6324786324786325,0,88.33333333333333,50,52.70333333333334,80.45,25,0
2023-12-23,24.56,0.5602094240837696,0,150.16666666666666,51,57.15,66.44,25,0
2023-12-30,66.05,0.5973154362416107,0,170.75,52,52.35,24.56,25,0
2024-01-06,401.19,0.25,1,23.166666666666668,1,163.93333333333334,66.05,25,1
2024-01-13,551.24,-0.1294117647058823,1,-154.25,2,339.49333333333334,401.19,25,1
2024-01-27,101.58,-0.0871794871794872,1,-50.66666666666666,4,351.33666666666664,551.24,25,1
2024-02-03,60.62,0.1657303370786516,0,16.833333333333332,5,237.81333333333336,101.58,25,0
2024-02-10,168.92,-0.0867469879518072,1,49.833333333333336,6,110.37333333333332,60.62,25,0
2024-02-17,43.79,0.3192612137203166,0,32.333333333333336,7,91.11,168.92,25,0
2024-02-24,168.39,-0.124,1,0.3333333333333333,8,127.03333333333332,43.79,25,0
2024-03-02,56.33,0.139269406392694,0,-30.83333333333333,9,89.50333333333333,168.39,25,1
2024-03-09,58.2,-0.2645290581162325,0,-114.5,10,94.30666666666666,56.33,25,0
2024-03-16,80.58,-0.1771117166212533,0,-62.41666666666666,11,65.03666666666668,58.2,25,0
2024-03-23,116.58,-0.2185430463576159,1,-51.0,12,85.12,80.58,25,0
2024-03-30,16.18,-0.1525423728813559,0,-36.0,13,71.11333333333333,116.58,25,0
2023-10-28,0.36,1.0,0,-0.6666666666666666,43,1.403333333333333,2.68,23,0
2023-11-04,0.78,-0.75,0,0.0,44,1.2733333333333334,0.36,23,0
2023-11-11,0.61,3.0,0,0.25,45,0.5833333333333334,0.78,23,0
2023-11-18,5.02,-0.5,0,2.6666666666666665,46,2.1366666666666667,0.61,23,1
2023-11-25,3.17,3.5,0,3.75,47,2.9333333333333336,5.02,23,0
2023-12-02,2.1,0.0,0,2.5,48,3.43,3.17,23,1
2023-12-09,5.22,0.6666666666666667,0,6.75,49,3.4966666666666666,2.1,23,0
2023-12-16,2.36,0.3333333333333332,0,-2.833333333333333,50,3.2266666666666666,5.22,23,0
2023-12-23,12.71,-0.1999999999999999,1,17.083333333333332,51,6.763333333333333,2.36,23,0
2023-12-30,3.16,2.1875,0,25.75,52,6.076666666666667,12.71,23,0
2024-01-06,26.15,0.1372549019607842,1,-4.166666666666667,1,14.006666666666666,3.16,23,1
2024-01-13,23.86,-0.1896551724137931,1,-17.166666666666668,2,17.723333333333333,26.15,23,1
2024-01-27,11.25,-0.15,1,10.416666666666666,4,20.42,23.86,23,1
2024-02-03,8.21,0.911764705882353,1,25.416666666666668,5,14.439999999999998,11.25,23,0
2024-02-10,8.03,0.1846153846153846,1,11.083333333333334,6,9.163333333333334,8.21,23,0
2024-02-17,6.74,0.1168831168831168,0,-5.25,7,7.66,8.03,23,0
2024-02-24,6.99,-0.1976744186046511,0,-12.416666666666666,8,7.253333333333333,6.74,23,0
2024-03-02,17.46,-0.072463768115942,1,-8.25,9,10.396666666666668,6.99,23,1
2024-03-09,12.71,-0.21875,1,-17.083333333333332,10,12.386666666666663,17.46,23,0
2024-03-16,6.16,-0.3399999999999999,0,-12.583333333333334,11,12.11,12.71,23,0
2024-03-23,8.49,-0.2121212121212121,1,-5.0,12,9.12,6.16,23,0
2024-03-30,2.14,-0.1153846153846154,0,-3.0,13,5.596666666666665,8.49,23,0
2023-10-28,3.21,0.1499999999999999,0,-0.1666666666666666,43,3.2466666666666666,4.69,21,0
2023-11-04,6.15,-0.0869565217391304,0,6.833333333333333,44,4.683333333333334,3.21,21,0
2023-11-11,3.32,0.5714285714285714,0,-3.1666666666666665,45,4.226666666666667,6.15,21,0
2023-11-18,4.06,-0.4545454545454546,0,-0.4166666666666667,46,4.51,3.32,21,1
2023-11-25,22.79,1.0555555555555554,0,25.416666666666668,47,10.056666666666668,4.06,21,0
2023-12-02,15.92,0.5675675675675675,0,1.5833333333333333,48,14.256666666666666,22.79,21,1
2023-12-09,44.37,-0.1724137931034483,1,11.0,49,27.693333333333328,15.92,21,0
2023-12-16,39.73,0.8125,0,42.41666666666666,50,33.34,44.37,21,0
2023-12-23,69.38,0.5747126436781609,1,95.33333333333331,51,51.16,39.73,21,0
2023-12-30,13.69,0.9051094890510948,0,93.25,52,40.93333333333333,69.38,21,0
2024-01-06,132.58,0.1340996168582375,1,-23.83333333333333,1,71.88333333333334,13.69,21,1
2024-01-13,173.4,-0.1891891891891891,1,-24.416666666666668,2,106.55666666666669,132.58,21,1
2024-01-27,10.76,0.2944162436548223,0,-8.333333333333334,4,105.58,173.4,21,1
2024-02-03,76.46,-0.1137254901960784,1,15.833333333333334,5,86.87333333333333,10.76,21,0
2024-02-10,28.06,0.2566371681415929,0,35.166666666666664,6,38.42666666666667,76.46,21,0
2024-02-17,16.59,-0.0070422535211267,0,-7.916666666666667,7,40.37,28.06,21,0
2024-02-24,21.05,-0.00354609929078,0,17.5,8,21.9,16.59,21,0
2024-03-02,42.62,0.0569395017793594,1,-46.333333333333336,9,26.75333333333333,21.05,21,1
2024-03-09,85.32,-0.3468013468013468,1,-90.66666666666669,10,49.66333333333333,42.62,21,0
2024-03-16,70.36,-0.2680412371134021,1,-28.58333333333333,11,66.1,85.32,21,0
2024-03-23,79.36,-0.0915492957746478,1,-11.0,12,78.34666666666665,70.36,21,0
2024-03-30,31.2,-0.0697674418604651,0,-9.0,13,60.306666666666665,79.36,21,0
2023-10-28,1.08,-0.125,0,-1.6666666666666667,43,2.106666666666667,0.9,31,0
2023-11-04,3.1,-0.2857142857142857,0,-1.0,44,1.6933333333333334,1.08,31,0
2023-11-11,4.04,0.0,0,-0.75,45,2.74,3.1,31,0
2023-11-18,1.28,-0.1999999999999999,0,1.75,46,2.806666666666666,4.04,31,1
2023-11-25,1.46,1.0,0,2.1666666666666665,47,2.26,1.28,31,0
2023-12-02,2.27,0.0,0,1.25,48,1.67,1.46,31,1
2023-12-09,3.95,0.375,0,-0.4166666666666667,49,2.56,2.27,31,0
2023-12-16,40.97,0.1818181818181818,1,24.416666666666668,50,15.73,3.95,31,0
2023-12-23,22.57,3.0769230769230766,1,21.916666666666668,51,22.49666666666667,40.97,31,0
2023-12-30,6.52,-0.0377358490566037,0,-4.166666666666667,52,23.35333333333333,22.57,31,0
2024-01-06,13.22,0.0196078431372548,0,3.1666666666666665,1,14.103333333333332,6.52,31,1
2024-01-13,26.38,0.0576923076923077,1,-3.0,2,15.373333333333331,13.22,31,1
2024-01-27,6.56,0.3428571428571427,0,-5.666666666666667,4,15.386666666666663,26.38,31,1
2024-02-03,10.17,0.0,0,5.916666666666667,5,14.37,6.56,31,0
2024-02-10,5.45,0.1914893617021276,0,2.75,6,7.393333333333333,10.17,31,0
2024-02-17,30.95,0.0,1,15.916666666666666,7,15.523333333333332,5.45,31,0
2024-02-24,33.79,0.5357142857142858,1,23.83333333333333,8,23.396666666666665,30.95,31,0
2024-03-02,27.79,0.1162790697674418,1,1.5833333333333333,9,30.843333333333334,33.79,31,1
2024-03-09,11.46,-0.0625,0,-15.916666666666666,10,24.346666666666664,27.79,31,0
2024-03-16,18.65,-0.2333333333333332,1,-15.583333333333334,11,19.3,11.46,31,0
2024-03-23,28.65,-0.1159420289855072,1,-9.0,12,19.586666666666662,18.65,31,0
2024-03-30,12.08,-0.1639344262295081,0,-10.0,13,19.793333333333333,28.65,31,0
2023-10-28,5.67,0.0,0,3.4166666666666665,43,3.056666666666666,1.57,29,0
2023-11-04,13.52,0.411764705882353,0,13.416666666666666,44,6.919999999999999,5.67,29,0
2023-11-11,13.52,0.6666666666666667,0,7.25,45,10.903333333333334,13.52,29,0
2023-11-18,20.88,0.0,0,6.916666666666667,46,15.973333333333333,13.52,29,1
2023-11-25,39.24,0.4499999999999999,0,21.666666666666668,47,24.546666666666667,20.88,29,0
2023-12-02,38.24,0.4655172413793103,0,45.16666666666666,48,32.78666666666667,39.24,29,1
2023-12-09,27.82,0.6470588235294117,0,32.166666666666664,49,35.1,38.24,29,0
2023-12-16,23.0,0.1,0,32.25,50,29.686666666666667,27.82,29,0
2023-12-23,40.59,0.4545454545454546,0,126.91666666666669,51,30.47,23.0,29,0
2023-12-30,68.11,0.6517857142857142,1,67.16666666666667,52,43.900000000000006,40.59,29,0
2024-01-06,177.91,-0.0675675675675675,1,-40.0,1,95.53666666666668,68.11,29,1
2024-01-13,254.17,-0.0840579710144927,1,-43.083333333333336,2,166.73,177.91,29,1
2024-01-27,69.24,0.0225563909774435,1,-8.583333333333334,4,167.10666666666663,254.17,29,1
2024-02-03,91.11,0.1139705882352941,1,44.833333333333336,5,138.17333333333332,69.24,29,0
2024-02-10,65.74,0.1353135313531352,1,18.83333333333333,6,75.36333333333334,91.11,29,0
2024-02-17,125.19,0.0290697674418605,1,61.583333333333336,7,94.01333333333334,65.74,29,0
2024-02-24,79.12,0.2824858757062147,1,54.66666666666666,8,90.01666666666667,125.19,29,0
2024-03-02,50.88,-0.0220264317180616,0,-24.58333333333333,9,85.06333333333335,79.12,29,1
2024-03-09,45.64,-0.081081081081081,0,-86.83333333333333,10,58.54666666666668,50.88,29,0
2024-03-16,126.43,-0.3112745098039216,1,-123.08333333333331,11,74.31666666666668,45.64,29,0
2024-03-23,125.43,-0.3167259786476868,1,-44.0,12,99.16666666666669,126.43,29,0
2024-03-30,43.03,0.0052083333333332,0,1.0,13,98.29666666666668,125.43,29,0
2023-10-28,1.21,0.0,0,4.916666666666667,43,5.073333333333333,7.95,35,0
2023-11-04,1.96,4.0,0,3.8333333333333335,44,3.706666666666667,1.21,35,0
2023-11-11,4.21,-0.0999999999999999,0,-0.25,45,2.46,1.96,35,0
2023-11-18,8.89,0.3333333333333332,0,5.25,46,5.0200000000000005,4.21,35,1
2023-11-25,28.74,0.75,0,14.0,47,13.946666666666667,8.89,35,0
2023-12-02,48.97,1.0476190476190474,0,33.25,48,28.866666666666664,28.74,35,1
2023-12-09,62.0,1.0697674418604652,1,58.41666666666666,49,46.57,48.97,35,0
2023-12-16,49.8,0.7640449438202248,0,79.16666666666667,50,53.59,62.0,35,0
2023-12-23,168.24,0.4777070063694266,1,41.583333333333336,51,93.34666666666668,49.8,35,0
2023-12-30,207.34,0.021551724137931,1,-1.0833333333333333,52,141.79333333333332,168.24,35,0
2024-01-06,289.27,-0.0295358649789029,1,-44.66666666666666,1,221.61666666666665,207.34,35,1
2024-01-13,213.47,-0.3304347826086956,1,-70.66666666666667,2,236.6933333333333,289.27,35,1
2024-01-27,23.34,-0.087719298245614,0,-38.66666666666666,4,175.36,213.47,35,1
2024-02-03,23.4,-0.2596153846153846,0,-10.583333333333334,5,86.73666666666664,23.34,35,0
2024-02-10,20.13,0.0129870129870128,0,1.0,6,22.28999999999998,23.4,35,0
2024-02-17,11.39,-0.0641025641025641,0,-10.666666666666666,7,18.306666666666647,20.13,35,0
2024-02-24,14.7,-0.1780821917808219,0,-7.916666666666667,8,15.406666666666649,11.39,35,0
2024-03-02,30.7,0.0166666666666666,0,13.666666666666666,9,18.929999999999986,14.7,35,1
2024-03-09,4.08,0.2622950819672132,0,-10.416666666666666,10,16.493333333333315,30.7,35,0
2024-03-16,14.99,-0.4155844155844156,0,-11.25,11,16.589999999999982,4.08,35,0
2024-03-23,2.5,0.2666666666666666,0,-4.5,12,7.189999999999981,14.99,35,0
2024-03-30,5.47,-0.368421052631579,0,-21.0,13,7.653333333333315,2.5,35,0
2023-11-11,1.02,0.0,0,0.0833333333333333,45,0.7933333333333333,1.02,33,0
2023-11-18,0.21,0.0,0,-1.0833333333333333,46,0.7500000000000001,1.02,33,1
2023-11-25,2.81,-0.5,0,2.25,47,1.346666666666667,0.21,33,0
2023-12-02,10.84,6.0,0,7.166666666666667,48,4.62,2.81,33,1
2023-12-09,7.53,1.1428571428571428,0,10.666666666666666,49,7.06,10.84,33,0
2023-12-16,9.52,0.8666666666666667,0,13.166666666666666,50,9.296666666666669,7.53,33,0
2023-12-23,2.69,0.4642857142857142,0,16.666666666666668,51,6.580000000000001,9.52,33,0
2023-12-30,45.11,0.3902439024390243,1,2.4166666666666665,52,19.106666666666666,2.69,33,0
2024-01-06,43.31,-0.175438596491228,1,-5.25,1,30.37,45.11,33,1
2024-01-13,49.01,0.0,1,-13.666666666666666,2,45.81,43.31,33,1
2024-01-27,19.84,-0.1999999999999999,1,-6.5,4,37.38666666666666,49.01,33,1
2024-02-03,24.8,0.5416666666666667,1,14.5,5,31.21666666666667,19.84,33,0
2024-02-10,12.81,0.2162162162162162,1,1.9166666666666667,6,19.15,24.8,33,0
2024-02-17,3.22,-0.0888888888888889,0,-8.166666666666666,7,13.61,12.81,33,0
2024-02-24,4.58,-0.1951219512195121,0,-0.3333333333333333,8,6.87,3.22,33,0
2024-03-02,1.47,0.1818181818181818,0,0.25,9,3.0900000000000003,4.58,33,1
2024-03-09,6.15,-0.1538461538461538,0,0.0,10,4.066666666666666,1.47,33,0
2024-03-16,4.95,0.1515151515151516,0,-3.5,11,4.19,6.15,33,0
2024-03-23,10.94,-0.3421052631578947,0,-10.5,12,7.346666666666667,4.95,33,0
2024-03-30,7.4,-0.3199999999999999,0,-8.0,13,7.763333333333333,10.94,33,0
2023-10-28,25.16,0.2972972972972973,0,8.166666666666666,43,14.943333333333332,16.16,36,0
2023-11-04,37.56,0.1875,0,19.5,44,26.293333333333333,25.16,36,0
2023-11-11,72.56,0.5438596491228069,0,33.166666666666664,45,45.09333333333333,37.56,36,0
2023-11-18,102.87,0.3977272727272727,0,36.0,46,70.99666666666667,72.56,36,1
2023-11-25,229.19,0.4471544715447155,1,112.91666666666669,47,134.8733333333333,102.87,36,0
2023-12-02,107.28,0.9382022471910112,0,168.91666666666666,48,146.4466666666667,229.19,36,1
2023-12-09,101.45,0.4753623188405798,0,202.91666666666663,49,145.97333333333333,107.28,36,0
2023-12-16,82.2,0.461689587426326,0,200.83333333333331,50,96.97666666666667,101.45,36,0
2023-12-23,144.46,0.256720430107527,0,335.25,51,109.37,82.2,36,0
2023-12-30,660.22,0.4363636363636363,1,205.0,52,295.6266666666667,144.46,36,0
2024-01-06,1208.8,-0.0483991064780342,1,-209.0,1,671.16,660.22,36,1
2024-01-13,1139.84,-0.1956181533646322,1,-188.91666666666663,2,1002.9533333333331,1208.8,36,1
2024-01-27,50.95,0.0695249130938586,0,-124.08333333333331,4,799.8633333333332,1139.84,36,1
2024-02-03,63.31,-0.1657638136511375,0,-126.83333333333331,5,418.0333333333333,50.95,36,0
2024-02-10,109.2,-0.0870129870129869,0,23.75,6,74.48666666666666,63.31,36,0
2024-02-17,147.56,0.1237553342816499,0,63.083333333333336,7,106.69,109.2,36,0
2024-02-24,87.75,0.010126582278481,0,-2.4166666666666665,8,114.83666666666666,147.56,36,0
2024-03-02,24.39,-0.0313283208020049,0,-103.33333333333331,9,86.56666666666666,87.75,36,1
2024-03-09,112.58,-0.2289780077619664,0,-202.58333333333331,10,74.90666666666667,24.39,36,0
2024-03-16,100.44,-0.3053691275167784,0,-127.58333333333331,11,79.13666666666667,112.58,36,0
2024-03-23,65.44,-0.1376811594202898,0,-11.0,12,92.82,100.44,36,0
2024-03-30,22.87,0.0980392156862746,0,35.0,13,62.91666666666666,65.44,36,0
2023-10-28,10.5,0.0,1,-0.75,43,7.2,10.45,38,0
2023-11-04,0.66,-1.0,0,0.1666666666666666,44,7.203333333333333,10.5,38,0
2023-11-25,12.52,-0.4285714285714286,1,5.916666666666667,47,6.18,0.46,38,0
2023-12-02,2.11,3.25,0,3.9166666666666665,48,5.03,12.52,38,1
2023-12-09,2.4,-0.3529411764705882,0,-2.5,49,5.676666666666667,2.11,38,0
2023-12-16,3.18,0.4545454545454546,0,7.166666666666667,50,2.563333333333333,2.4,38,0
2023-12-23,14.58,0.625,1,19.916666666666668,51,6.72,3.18,38,0
2023-12-30,3.91,0.9615384615384616,0,16.0,52,7.223333333333333,14.58,38,0
2024-01-06,27.55,0.0196078431372548,1,-14.5,1,15.346666666666666,3.91,38,1
2024-01-13,22.41,-0.3846153846153846,1,-1.75,2,17.956666666666667,27.55,38,1
2024-01-27,2.47,0.1707317073170731,0,7.083333333333333,4,17.47666666666667,22.41,38,1
2024-02-03,1.96,-0.1666666666666666,0,-11.083333333333334,5,8.946666666666667,2.47,38,0
2024-02-10,6.1,-0.2249999999999999,0,-5.416666666666667,6,3.51,1.96,38,0
2024-02-17,3.5,-0.0645161290322581,0,-2.5,7,3.853333333333333,6.1,38,0
2024-02-24,3.25,-0.1379310344827586,0,-3.8333333333333335,8,4.283333333333333,3.5,38,0
2024-03-02,3.73,-0.12,0,-2.6666666666666665,9,3.4933333333333336,3.25,38,1
2024-03-09,6.54,-0.0454545454545454,0,5.083333333333333,10,4.506666666666667,3.73,38,0
2024-03-16,3.76,0.3809523809523809,0,-1.4166666666666667,11,4.676666666666667,6.54,38,0
2024-03-23,13.67,-0.3103448275862068,1,1.0,12,7.989999999999999,3.76,38,0
2024-03-30,1.53,0.55,0,11.0,13,6.32,13.67,38,0
2023-10-28,1.13,-0.5454545454545454,0,-2.25,43,2.893333333333333,6.23,40,0
2023-11-04,11.13,0.8,0,14.75,44,6.163333333333334,1.13,40,0
2023-11-11,13.44,0.8888888888888888,0,10.666666666666666,45,8.566666666666668,11.13,40,0
2023-11-18,4.82,0.0882352941176469,0,-4.416666666666667,46,9.796666666666669,13.44,40,1
2023-11-25,26.06,-0.081081081081081,0,20.416666666666668,47,14.773333333333332,4.82,40,0
2023-12-02,9.17,1.0882352941176472,0,14.0,48,13.35,26.06,40,1
2023-12-09,6.64,-0.1408450704225352,0,-1.0,49,13.956666666666669,9.17,40,0
2023-12-16,47.26,0.3934426229508196,1,59.16666666666666,50,21.023333333333333,6.64,40,0
2023-12-23,21.99,0.8588235294117648,0,25.25,51,25.296666666666667,47.26,40,0
2023-12-30,14.27,-0.1329113924050633,0,-0.0833333333333333,52,27.84,21.99,40,0
2024-01-06,14.1,0.2700729927007299,0,35.666666666666664,1,16.786666666666665,14.27,40,1
2024-01-13,26.86,0.2298850574712643,0,91.0,2,18.41,14.1,40,1
2024-01-27,27.61,0.3675889328063242,0,113.41666666666669,4,22.85666666666667,26.86,40,1
2024-02-03,7.87,0.2167630057803469,0,67.25,5,20.78,27.61,40,0
2024-02-10,134.51,0.1140142517814726,1,-5.333333333333333,6,56.66333333333333,7.87,40,0
2024-02-17,282.98,-0.1663113006396588,1,-179.16666666666666,7,141.78666666666666,134.51,40,0
2024-02-24,95.71,-0.5652173913043479,1,-117.33333333333331,8,171.0666666666667,282.98,40,0
2024-03-02,93.71,0.0529411764705882,1,28.33333333333333,9,157.46666666666667,95.71,40,1
2024-03-09,11.69,0.0111731843575419,0,-20.33333333333333,10,67.03666666666666,93.71,40,0
2024-03-16,9.81,-0.2320441988950276,0,-50.66666666666666,11,38.40333333333333,11.69,40,0
2024-03-23,10.99,-0.3237410071942446,0,-24.0,12,10.83,9.81,40,0
2024-03-30,4.8,-0.0319148936170212,0,-3.0,13,8.533333333333333,10.99,40,0
2023-10-28,14.69,-0.34375,0,6.5,43,7.116666666666667,3.98,45,0
2023-11-04,18.72,1.1428571428571428,0,18.0,44,12.463333333333331,14.69,45,0
2023-11-11,30.43,0.1555555555555554,0,7.666666666666667,45,21.28,18.72,45,0
2023-11-18,26.55,0.2307692307692308,0,12.0,46,25.23333333333333,30.43,45,1
2023-11-25,69.51,0.265625,0,35.583333333333336,47,42.16333333333333,26.55,45,0
2023-12-02,25.51,0.6419753086419753,0,47.333333333333336,48,40.52333333333333,69.51,45,1
2023-12-09,78.54,0.3308270676691729,1,59.0,49,57.85333333333333,25.51,45,0
2023-12-16,141.75,0.4915254237288136,1,119.66666666666669,50,81.93333333333334,78.54,45,0
2023-12-23,98.94,0.5946969696969697,1,231.41666666666663,51,106.41,141.75,45,0
2023-12-30,279.9,0.5415676959619953,1,39.0,52,173.52999999999997,98.94,45,0
2024-01-06,513.22,-0.2604006163328197,1,-236.66666666666663,1,297.3533333333333,279.9,45,1
2024-01-13,386.44,-0.4416666666666666,1,-138.5,2,393.18666666666667,513.22,45,1
2024-01-27,30.21,0.0812182741116751,0,-33.0,4,309.95666666666665,386.44,45,1
2024-02-03,22.57,-0.1784037558685446,0,-42.5,5,146.40666666666667,30.21,45,0
2024-02-10,28.91,-0.2457142857142856,0,-21.5,6,27.23,22.57,45,0
2024-02-17,19.49,-0.0151515151515151,0,-8.333333333333334,7,23.656666666666663,28.91,45,0
2024-02-24,25.07,-0.1461538461538462,0,-12.416666666666666,8,24.49,19.49,45,0
2024-03-02,17.8,-0.036036036036036,0,-5.0,9,20.786666666666665,25.07,45,1
2024-03-09,11.94,-0.0934579439252336,0,-15.666666666666666,10,18.27,17.8,45,0
2024-03-16,8.65,-0.1958762886597937,0,-16.333333333333332,11,12.796666666666669,11.94,45,0
2024-03-23,7.05,-0.141025641025641,0,-7.5,12,9.213333333333331,8.65,45,0
2024-03-30,4.58,-0.0597014925373133,0,-4.0,13,6.760000000000001,7.05,45,0
2023-10-28,8.12,0.1627906976744186,0,-6.0,43,5.803333333333334,1.59,42,0
2023-11-04,30.49,-0.2199999999999999,0,17.5,44,13.4,8.12,42,0
2023-11-11,37.49,1.1025641025641026,0,27.08333333333333,45,25.366666666666664,30.49,42,0
2023-11-18,56.26,0.0853658536585366,0,13.833333333333334,46,41.41333333333333,37.49,42,1
2023-11-25,132.3,0.404494382022472,0,68.5,47,75.35000000000001,56.26,42,0
2023-12-02,68.81,0.736,0,80.5,48,85.79,132.3,42,1
2023-12-09,58.56,0.3087557603686637,0,70.0,49,86.55666666666667,68.81,42,0
2023-12-16,241.77,0.3908450704225352,1,215.33333333333331,50,123.04666666666668,58.56,42,0
2023-12-23,46.4,0.7949367088607595,0,385.5,51,115.57666666666668,241.77,42,0
2023-12-30,543.77,0.4569816643159379,1,20.08333333333333,52,277.31333333333333,46.4,42,0
2024-01-06,795.11,-0.2623426911907066,1,-278.3333333333333,1,461.7600000000001,543.77,42,1
2024-01-13,759.75,-0.2414698162729659,1,-187.25,2,699.5433333333334,795.11,42,1
2024-01-27,166.16,-0.0991189427312775,1,-53.66666666666666,4,573.6733333333333,759.75,42,1
2024-02-03,115.72,0.1149144254278728,0,20.58333333333333,5,347.21000000000004,166.16,42,0
2024-02-10,169.25,-0.057017543859649,1,21.08333333333333,6,150.3766666666667,115.72,42,0
2024-02-17,131.07,0.1604651162790697,0,39.333333333333336,7,138.68000000000004,169.25,42,0
2024-02-24,141.47,0.0020040080160319,0,23.25,8,147.26333333333335,131.07,42,0
2024-03-02,114.21,0.088,0,18.166666666666668,9,128.9166666666667,141.47,42,1
2024-03-09,18.19,-0.0606617647058823,0,-103.91666666666669,10,91.29000000000003,114.21,42,0
2024-03-16,19.06,-0.2778864970645792,0,-86.33333333333333,11,50.4866666666667,18.19,42,0
2024-03-23,59.47,-0.059620596205962,0,-50.5,12,32.24000000000004,19.06,42,0
2024-03-30,24.4,-0.2276657060518732,0,-79.0,13,34.31000000000004,59.47,42,0
2023-10-28,2.19,0.0232558139534884,0,-0.5833333333333334,43,2.0733333333333333,2.19,47,0
2023-11-04,1.55,0.0,0,0.8333333333333334,44,1.9766666666666663,2.19,47,0
2023-11-11,8.24,0.0681818181818181,0,6.25,45,3.9933333333333336,1.55,47,0
2023-11-18,17.93,0.2127659574468086,0,12.833333333333334,46,9.24,8.24,47,1
2023-11-25,33.89,0.2807017543859649,0,18.5,47,20.02,17.93,47,0
2023-12-02,33.87,0.3424657534246575,0,43.083333333333336,48,28.563333333333333,33.89,47,1
2023-12-09,25.46,0.5612244897959184,0,36.25,49,31.07333333333333,33.87,47,0
2023-12-16,81.14,0.1764705882352941,1,56.91666666666666,50,46.82333333333333,25.46,47,0
2023-12-23,154.58,0.6333333333333333,1,214.58333333333331,51,87.06,81.14,47,0
2023-12-30,88.59,0.846938775510204,1,107.5,52,108.10333333333335,154.58,47,0
2024-01-06,329.21,-0.1123388581952118,1,-98.16666666666669,1,190.7933333333333,88.59,47,1
2024-01-13,312.44,-0.1825726141078838,1,-108.0,2,243.41333333333333,329.21,47,1
2024-01-27,6.85,-0.224376731301939,0,-90.25,4,216.16666666666663,312.44,47,1
2024-02-03,20.32,-0.2035714285714286,0,-38.75,5,113.20333333333332,6.85,47,0
2024-02-10,49.67,-0.116591928251121,0,-12.25,6,25.613333333333333,20.32,47,0
2024-02-17,61.42,-0.0101522842639594,1,2.833333333333333,7,43.80333333333334,49.67,47,0
2024-02-24,84.81,0.0410256410256411,1,28.75,8,65.3,61.42,47,0
2024-03-02,39.78,0.167487684729064,0,-4.75,9,62.00333333333334,84.81,47,1
2024-03-09,8.29,-0.2067510548523207,0,-63.75,10,44.29333333333333,39.78,47,0
2024-03-16,7.11,-0.2978723404255319,0,-27.416666666666668,11,18.39333333333333,8.29,47,0
2024-03-23,17.17,-0.0303030303030302,0,-23.0,12,10.856666666666667,7.11,47,0
2024-03-30,6.49,-0.328125,0,-42.0,13,10.256666666666668,17.17,47,0
2023-10-28,2.16,-0.4444444444444444,0,-0.1666666666666666,43,2.303333333333333,0.62,49,0
2023-11-04,1.64,0.8,0,0.1666666666666666,44,1.4733333333333334,2.16,49,0
2023-11-11,0.73,-0.4444444444444444,0,-1.75,45,1.51,1.64,49,0
2023-11-18,0.61,0.3999999999999999,0,2.6666666666666665,46,0.9933333333333332,0.73,49,1
2023-11-25,4.89,0.4285714285714286,0,5.666666666666667,47,2.0766666666666667,0.61,49,0
2023-12-02,4.34,0.7,0,3.25,48,3.28,4.89,49,1
2023-12-09,3.35,0.0,0,0.6666666666666666,49,4.1933333333333325,4.34,49,0
2023-12-16,21.89,0.411764705882353,1,22.08333333333333,50,9.86,3.35,49,0
2023-12-23,3.91,1.4166666666666663,0,33.5,51,9.716666666666669,21.89,49,0
2023-12-30,48.72,0.3793103448275863,1,1.4166666666666667,52,24.84,3.91,49,0
2024-01-06,52.48,-0.2125,1,-20.33333333333333,1,35.03666666666666,48.72,49,1
2024-01-13,50.08,-0.2539682539682539,1,-12.333333333333334,2,50.42666666666667,52.48,49,1
2024-01-27,9.32,0.3571428571428572,0,-8.75,4,37.29333333333333,50.08,49,1
2024-02-03,1.17,-0.2631578947368421,0,-12.333333333333334,5,20.19,9.32,49,0
2024-02-10,3.07,-0.4285714285714286,0,-3.583333333333333,6,4.5200000000000005,1.17,49,0
2024-02-17,0.98,0.1875,0,-3.75,7,1.74,3.07,49,0
2024-02-24,4.07,-0.5263157894736843,0,-1.1666666666666667,8,2.706666666666667,0.98,49,0
2024-03-02,1.64,0.8888888888888888,0,3.5,9,2.23,4.07,49,1
2024-03-09,8.04,-0.1764705882352941,0,-0.25,10,4.583333333333333,1.64,49,0
2024-03-16,2.08,0.2142857142857142,0,-0.8333333333333334,11,3.92,8.04,49,0
2024-03-23,1.6,-0.2941176470588235,0,-3.0,12,3.9066666666666654,2.08,49,0
2024-03-30,1.46,-0.0833333333333333,0,-1.0,13,1.7133333333333336,1.6,49,0
2023-10-28,4.62,-0.1527777777777778,0,-17.166666666666668,43,7.04,2.18,51,0
2023-11-04,15.38,-0.1639344262295081,0,18.33333333333333,44,7.393333333333333,4.62,51,0
2023-11-11,22.82,0.803921568627451,0,28.166666666666668,45,14.273333333333332,15.38,51,0
2023-11-18,23.62,0.0869565217391303,0,7.666666666666667,46,20.60666666666667,22.82,51,1
2023-11-25,38.45,0.1499999999999999,0,23.25,47,28.29666666666667,23.62,51,0
2023-12-02,5.58,0.2434782608695651,0,17.25,48,22.55,38.45,51,1
2023-12-09,35.16,0.0979020979020979,0,32.0,49,26.396666666666665,5.58,51,0
2023-12-16,190.34,0.4585987261146496,1,125.66666666666669,50,77.02666666666666,35.16,51,0
2023-12-23,273.27,0.8296943231441047,1,302.9166666666667,51,166.25666666666666,190.34,51,0
2023-12-30,99.3,0.7446300715990453,1,65.66666666666667,52,187.63666666666663,273.27,51,0
2024-01-06,347.31,-0.2640218878248974,1,-212.91666666666663,1,239.96,99.3,51,1
2024-01-13,386.44,-0.2695167286245353,1,-133.58333333333334,2,277.68333333333334,347.31,51,1
2024-01-27,10.74,-0.1147540983606557,0,-105.41666666666669,4,248.16333333333333,386.44,51,1
2024-02-03,14.94,-0.2962962962962963,0,-44.75,5,137.3733333333333,10.74,51,0
2024-02-10,45.12,-0.0578947368421052,0,13.166666666666666,6,23.6,14.94,51,0
2024-02-17,56.99,0.1284916201117318,0,17.25,7,39.016666666666666,45.12,51,0
2024-02-24,59.53,0.0297029702970297,0,6.833333333333333,8,53.88,56.99,51,0
2024-03-02,49.19,0.0336538461538462,0,-1.0833333333333333,9,55.23666666666666,59.53,51,1
2024-03-09,16.89,-0.0651162790697674,0,-31.75,10,41.87,49.19,51,0
2024-03-16,13.68,-0.208955223880597,0,-31.33333333333333,11,26.586666666666662,16.89,51,0
2024-03-23,6.62,-0.1132075471698113,0,-24.0,12,12.396666666666668,13.68,51,0
2024-03-30,41.51,-0.2127659574468084,0,-30.0,13,20.60333333333333,6.62,51,0
2023-10-28,11.32,0.1764705882352941,0,12.916666666666666,43,5.113333333333333,1.72,37,0
2023-11-04,21.96,1.0,0,13.416666666666666,44,11.666666666666666,11.32,37,0
2023-11-11,60.96,0.2250000000000001,0,20.916666666666668,45,31.413333333333338,21.96,37,0
2023-11-18,99.84,0.7959183673469388,0,54.91666666666666,46,60.92000000000001,60.96,37,1
2023-11-25,122.22,0.7386363636363635,0,61.333333333333336,47,94.34,99.84,37,0
2023-12-02,44.1,0.392156862745098,0,80.5,48,88.72000000000001,122.22,37,1
2023-12-09,29.1,0.4694835680751172,0,77.66666666666667,49,65.14,44.1,37,0
2023-12-16,175.36,0.2843450479233227,1,208.08333333333331,50,82.85333333333334,29.1,37,0
2023-12-23,26.02,0.8233830845771144,0,410.5,51,76.82666666666668,175.36,37,0
2023-12-30,658.01,0.4679399727148703,1,22.08333333333333,52,286.46333333333337,26.02,37,0
2024-01-06,928.89,-0.2760223048327137,1,-345.25,1,537.64,658.01,37,1
2024-01-13,863.66,-0.3517329910141207,1,-245.58333333333331,2,816.8533333333334,928.89,37,1
2024-01-27,32.88,-0.0064516129032258,0,-116.25,4,608.4766666666667,863.66,37,1
2024-02-03,15.45,-0.172077922077922,0,-62.16666666666666,5,303.9966666666667,32.88,37,0
2024-02-10,47.62,-0.3176470588235294,0,-38.333333333333336,6,31.983333333333373,15.45,37,0
2024-02-17,45.53,0.028735632183908,0,-1.4166666666666667,7,36.20000000000004,47.62,37,0
2024-02-24,58.87,-0.1061452513966481,0,-9.166666666666666,8,50.67333333333337,45.53,37,0
2024-03-02,38.18,0.0,0,-11.583333333333334,9,47.52666666666671,58.87,37,1
2024-03-09,13.63,-0.175,0,-37.583333333333336,10,36.89333333333337,38.18,37,0
2024-03-16,11.68,-0.2878787878787878,0,-26.666666666666668,11,21.163333333333373,13.63,37,0
2024-03-23,13.92,-0.1170212765957446,0,-3.0,12,13.076666666666704,11.68,37,0
2024-03-30,16.48,0.0602409638554217,0,5.0,13,14.026666666666706,13.92,37,0
2023-10-28,0.87,-0.3199999999999999,0,-3.083333333333333,43,2.8666666666666667,2.28,39,0
2023-11-04,2.06,0.2352941176470588,0,3.4166666666666665,44,1.7366666666666666,0.87,39,0
2023-11-11,30.72,0.2380952380952381,0,18.5,45,11.216666666666669,2.06,39,0
2023-11-18,46.87,1.1538461538461535,0,23.25,46,26.55,30.72,39,1
2023-11-25,87.05,0.3392857142857142,0,40.75,47,54.88,46.87,39,0
2023-12-02,16.88,0.7866666666666666,0,42.083333333333336,48,50.26666666666666,87.05,39,1
2023-12-09,36.72,0.2014925373134328,0,40.583333333333336,49,46.883333333333326,16.88,39,0
2023-12-16,127.14,0.484472049689441,1,136.0,50,60.24666666666667,36.72,39,0
2023-12-23,38.07,0.7907949790794979,0,231.58333333333331,51,67.31,127.14,39,0
2023-12-30,314.47,0.4906542056074767,1,72.08333333333333,52,159.89333333333337,38.07,39,0
2024-01-06,491.16,-0.1003134796238244,1,-77.5,1,281.2333333333333,314.47,39,1
2024-01-13,440.85,-0.0557491289198606,1,14.583333333333334,2,415.4933333333333,491.16,39,1
2024-01-27,174.58,0.1683168316831682,1,29.83333333333333,4,368.8633333333334,440.85,39,1
2024-02-03,120.41,0.0016949152542373,1,6.333333333333333,5,245.2800000000001,174.58,39,0
2024-02-10,42.92,0.0287648054145515,0,6.666666666666667,6,112.6366666666667,120.41,39,0
2024-02-17,100.77,0.0032894736842106,0,32.0,7,88.03333333333335,42.92,39,0
2024-02-24,38.7,0.0852459016393443,0,18.08333333333333,8,60.79666666666668,100.77,39,0
2024-03-02,29.66,-0.0347432024169184,0,-4.916666666666667,9,56.37666666666669,38.7,39,1
2024-03-09,199.78,-0.0250391236306729,1,-155.0,10,89.38000000000004,29.66,39,0
2024-03-16,188.23,-0.4269662921348315,1,-205.08333333333331,11,139.22333333333336,199.78,39,0
2024-03-23,210.23,-0.2549019607843137,1,-56.5,12,199.41333333333333,188.23,39,0
2024-03-30,21.41,-0.0827067669172932,0,-22.0,13,139.95666666666668,210.23,39,0
2023-10-28,0.95,0.75,0,-1.75,43,2.876666666666667,3.95,41,0
2023-11-04,1.97,-0.5714285714285714,0,-2.75,44,2.29,0.95,41,0
2023-11-11,1.68,0.8333333333333333,0,7.583333333333333,45,1.5333333333333332,1.97,41,0
2023-11-18,1.5,0.5454545454545454,0,-0.9166666666666666,46,1.7166666666666666,1.68,41,1
2023-11-25,2.86,-0.3529411764705882,0,-2.6666666666666665,47,2.013333333333333,1.5,41,0
2023-12-02,22.71,0.5454545454545454,1,19.0,48,9.023333333333332,2.86,41,1
2023-12-09,10.04,1.5294117647058822,0,11.0,49,11.87,22.71,41,0
2023-12-16,44.94,0.0465116279069768,1,29.166666666666668,50,25.896666666666665,10.04,41,0
2023-12-23,26.78,1.2888888888888888,1,59.75,51,27.25333333333333,44.94,41,0
2023-12-30,48.19,0.4271844660194175,1,20.166666666666668,52,39.97,26.78,41,0
2024-01-06,107.62,-0.0340136054421769,1,-20.916666666666668,1,60.86333333333334,48.19,41,1
2024-01-13,115.17,-0.1901408450704225,1,-24.08333333333333,2,90.32666666666668,107.62,41,1
2024-01-27,12.6,0.1529411764705881,0,-16.083333333333332,4,78.46333333333334,115.17,41,1
2024-02-03,16.9,-0.1428571428571429,0,-3.1666666666666665,5,48.223333333333336,12.6,41,0
2024-02-10,3.16,0.0357142857142858,0,-11.916666666666666,6,10.886666666666663,16.9,41,0
2024-02-17,20.81,-0.2528735632183908,0,2.0,7,13.623333333333331,3.16,41,0
2024-02-24,10.39,0.3692307692307692,0,8.0,8,11.453333333333331,20.81,41,0
2024-03-02,13.0,-0.1460674157303371,0,-6.916666666666667,9,14.733333333333334,10.39,41,1
2024-03-09,2.78,0.0394736842105263,0,-6.0,10,8.723333333333334,13.0,41,0
2024-03-16,29.4,-0.1392405063291139,1,13.0,11,15.06,2.78,41,0
2024-03-23,2.83,0.4264705882352941,0,-2.0,12,11.67,29.4,41,0
2024-03-30,5.11,-0.3402061855670103,0,-33.0,13,12.446666666666664,2.83,41,0
2023-11-04,1.03,-0.6666666666666667,0,-0.5833333333333334,44,1.4233333333333331,0.65,46,0
2023-11-11,1.68,1.0,0,0.0833333333333333,45,1.12,1.03,46,0
2023-11-18,0.68,-0.5,0,-0.5,46,1.13,1.68,46,1
2023-11-25,3.07,1.0,0,3.6666666666666665,47,1.81,0.68,46,0
2023-12-02,3.91,2.5,0,1.6666666666666667,48,2.553333333333333,3.07,46,1
2023-12-09,1.44,-0.1428571428571429,0,1.4166666666666667,49,2.806666666666666,3.91,46,0
2023-12-16,13.32,1.1666666666666663,1,14.583333333333334,50,6.223333333333334,1.44,46,0
2023-12-23,3.33,1.5384615384615383,0,19.33333333333333,51,6.030000000000001,13.32,46,0
2023-12-30,25.77,0.4545454545454546,1,12.416666666666666,52,14.14,3.33,46,0
2024-01-06,59.15,0.125,1,-10.166666666666666,1,29.416666666666668,25.77,46,1
2024-01-13,42.61,-0.4074074074074074,1,-15.916666666666666,2,42.51,59.15,46,1
2024-01-27,5.86,0.6875,0,-3.0,4,35.873333333333335,42.61,46,1
2024-02-03,4.43,-0.1481481481481481,0,-5.5,5,17.63333333333333,5.86,46,0
2024-02-10,18.67,-0.217391304347826,1,0.75,6,9.65333333333333,4.43,46,0
2024-02-17,28.71,0.4444444444444444,1,14.083333333333334,7,17.27,18.67,46,0
2024-02-24,16.57,0.6153846153846154,1,11.75,8,21.316666666666663,28.71,46,0
2024-03-02,9.0,0.0952380952380953,0,-4.75,9,18.09333333333333,16.57,46,1
2024-03-09,7.11,-0.1956521739130434,0,-3.4166666666666665,10,10.89333333333333,9.0,46,0
2024-03-16,16.88,0.162162162162162,1,15.75,11,10.996666666666664,7.11,46,0
2024-03-23,2.5,0.3720930232558139,0,-5.0,12,8.829999999999997,16.88,46,0
2024-03-30,2.76,-0.4406779661016949,0,-26.0,13,7.379999999999998,2.5,46,0
2023-12-09,23.05,0.0,1,10.75,49,10.6,5.83,44,0
2023-12-16,3.45,3.0,0,4.583333333333333,50,10.776666666666667,23.05,44,0
2023-12-23,4.65,-0.25,0,11.833333333333334,51,10.383333333333336,3.45,44,0
2023-12-30,65.38,1.6111111111111112,1,19.166666666666668,52,24.49333333333333,4.65,44,0
2024-01-06,69.39,0.0212765957446807,1,-9.416666666666666,1,46.47333333333333,65.38,44,1
2024-01-13,30.06,-0.2916666666666666,1,-11.5,2,54.94333333333333,69.39,44,1
2024-01-27,2.14,-0.2285714285714285,0,-9.083333333333334,4,33.86333333333334,30.06,44,1
2024-02-03,5.12,-0.3703703703703703,0,-3.6666666666666665,5,12.44,2.14,44,0
2024-02-10,14.27,0.2352941176470588,1,8.0,6,7.176666666666667,5.12,44,0
2024-02-17,13.66,0.4285714285714286,1,8.5,7,11.016666666666666,14.27,44,0
2024-02-24,5.02,0.1666666666666667,0,-2.25,8,10.983333333333334,13.66,44,0
2024-03-02,7.12,-0.2285714285714285,0,-6.666666666666667,9,8.6,5.02,44,1
2024-03-09,1.41,-0.1111111111111111,0,-1.5833333333333333,10,4.516666666666667,7.12,44,0
2024-03-16,3.3,-0.0833333333333333,0,-5.583333333333333,11,3.943333333333333,1.41,44,0
2024-03-23,3.3,-0.3636363636363636,0,-4.0,12,2.67,3.3,44,0
2024-03-30,2.36,0.0,0,0.0,13,2.9866666666666664,3.3,44,0
2023-11-25,0.99,-0.4,0,-1.8333333333333333,47,1.856666666666667,0.39,50,0
2023-12-02,1.75,0.0,0,3.083333333333333,48,1.0433333333333337,0.99,50,1
2023-12-09,2.56,1.6666666666666663,0,2.583333333333333,49,1.7666666666666668,1.75,50,0
2023-12-16,0.88,0.0,0,1.3333333333333333,50,1.7300000000000002,2.56,50,0
2023-12-23,1.23,0.5,0,6.75,51,1.5566666666666669,0.88,50,0
2023-12-30,7.35,0.5833333333333333,1,0.6666666666666666,52,3.1533333333333338,1.23,50,0
2024-01-06,1.39,-0.2105263157894736,0,2.583333333333333,1,3.3233333333333337,7.35,50,1
2024-01-13,1.69,0.6000000000000001,0,4.083333333333333,2,3.476666666666667,1.39,50,1
2024-01-27,9.79,-0.1923076923076923,1,-4.416666666666667,4,4.29,1.69,50,1
2024-02-03,1.29,-0.1428571428571429,0,-0.4166666666666667,5,4.256666666666667,9.79,50,0
2024-02-10,2.48,0.1111111111111111,0,1.5833333333333333,6,4.5200000000000005,1.29,50,0
2024-02-17,5.47,0.05,1,3.0,7,3.0800000000000005,2.48,50,0
2024-02-24,2.83,0.2380952380952381,0,5.25,8,3.5933333333333337,5.47,50,0
2024-03-02,2.43,0.1538461538461537,0,1.75,9,3.5766666666666675,2.83,50,1
2024-03-09,1.56,-0.0333333333333333,0,-3.333333333333333,10,2.2733333333333343,2.43,50,0
2024-03-16,3.58,-0.1724137931034483,1,-6.083333333333333,11,2.5233333333333343,1.56,50,0
2024-03-23,5.71,-0.25,1,-4.5,12,3.616666666666667,3.58,50,0
2024-03-30,8.28,-0.1666666666666666,1,-3.0,13,5.856666666666668,5.71,50,0
2023-10-28,124.11,0.0165289256198346,0,24.916666666666668,43,88.10666666666667,65.11,48,0
2023-11-04,102.85,0.2398373983739836,0,73.75,44,97.35666666666668,124.11,48,0
2023-11-11,102.85,0.222950819672131,0,26.916666666666668,45,109.93666666666664,102.85,48,0
2023-11-18,79.08,0.0,0,42.583333333333336,46,94.92666666666666,102.85,48,1
2023-11-25,76.8,0.2520107238605897,0,97.25,47,86.24333333333334,79.08,48,0
2023-12-02,152.39,0.1691648822269806,0,37.25,48,102.75666666666666,76.8,48,1
2023-12-09,24.56,0.0805860805860805,0,176.66666666666666,49,84.58333333333333,152.39,48,0
2023-12-16,180.54,0.5423728813559323,1,364.0,50,119.16333333333334,24.56,48,0
2023-12-23,56.28,0.3835164835164835,0,330.0833333333333,51,87.12666666666667,180.54,48,0
2023-12-30,303.87,0.2152501985702939,1,179.91666666666666,52,180.23,56.28,48,0
2024-01-06,603.61,0.038562091503268,1,-107.33333333333331,1,321.25333333333333,303.87,48,1
2024-01-13,860.22,-0.1246066708621774,1,-87.66666666666667,2,589.2333333333333,603.61,48,1
2024-01-27,85.92,0.1106811145510835,0,7.083333333333333,4,516.5833333333334,860.22,48,1
2024-02-03,133.34,-0.0592334494773518,0,-131.08333333333334,5,359.82666666666665,85.92,48,0
2024-02-10,260.66,-0.1288888888888889,1,-251.41666666666663,6,159.97333333333333,133.34,48,0
2024-02-17,153.69,-0.2414965986394558,0,-200.75,7,182.56333333333336,260.66,48,0
2024-02-24,57.31,-0.116591928251121,0,-100.58333333333331,8,157.22,153.69,48,0
2024-03-02,221.4,-0.1687817258883248,1,-164.83333333333334,9,144.13333333333333,57.31,48,1
2024-03-09,23.21,-0.2564885496183205,0,-91.25,10,100.64,221.4,48,0
2024-03-16,22.77,-0.0513347022587269,0,-69.16666666666667,11,89.12666666666667,23.21,48,0
2024-03-23,52.61,-0.2662337662337662,0,-80.5,12,32.86333333333334,22.77,48,0
2024-03-30,10.97,-0.112094395280236,0,-38.0,13,28.78333333333333,52.61,48,0
2023-10-28,26.77,-0.2727272727272727,0,3.6666666666666665,43,28.276666666666667,35.77,53,0
2023-11-04,9.32,1.125,0,4.166666666666667,44,23.953333333333333,26.77,53,0
2023-11-11,2.67,0.0,0,8.333333333333334,45,12.92,9.32,53,0
2023-11-18,13.57,0.9411764705882352,0,7.916666666666667,46,8.520000000000001,2.67,53,1
2023-11-25,47.85,0.0909090909090908,1,21.83333333333333,47,21.363333333333333,13.57,53,0
2023-12-02,9.66,1.0555555555555554,0,25.0,48,23.69333333333333,47.85,53,1
2023-12-09,7.92,0.1216216216216217,0,13.416666666666666,49,21.81,9.66,53,0
2023-12-16,28.01,0.3132530120481926,0,36.583333333333336,50,15.196666666666667,7.92,53,0
2023-12-23,8.02,0.4220183486238531,0,57.5,51,14.65,28.01,53,0
2023-12-30,61.28,0.3612903225806452,1,31.666666666666668,52,32.43666666666667,8.02,53,0
2024-01-06,153.34,-0.0094786729857819,1,-30.416666666666668,1,74.21333333333332,61.28,53,1
2024-01-13,121.68,-0.2296650717703349,1,-50.5,2,112.1,153.34,53,1
2024-01-27,19.69,-0.1724137931034483,0,-26.58333333333333,4,98.23666666666668,121.68,53,1
2024-02-03,9.9,-0.125,0,-19.33333333333333,5,50.42333333333334,19.69,53,0
2024-02-10,17.1,-0.2380952380952381,0,-19.58333333333333,6,15.563333333333334,9.9,53,0
2024-02-17,47.46,-0.0875,1,15.083333333333334,7,24.820000000000004,17.1,53,0
2024-02-24,18.22,0.3561643835616439,0,4.0,8,27.593333333333334,47.46,53,0
2024-03-02,3.68,-0.2323232323232323,0,-29.666666666666668,9,23.12,18.22,53,1
2024-03-09,26.46,-0.2631578947368421,0,7.5,10,16.12,3.68,53,0
2024-03-16,20.36,0.5178571428571428,0,18.33333333333333,11,16.833333333333332,26.46,53,0
2024-03-23,3.14,-0.0470588235294118,0,-14.5,12,16.653333333333332,20.36,53,0
2024-03-30,3.0,-0.308641975308642,0,-25.0,13,8.833333333333334,3.14,53,0
2023-10-28,0.73,0.3333333333333332,0,1.75,43,1.88,2.38,54,0
2023-11-04,9.77,0.75,0,6.25,44,4.293333333333333,0.73,54,0
2023-11-11,3.77,1.0,0,-0.0833333333333333,45,4.756666666666667,9.77,54,0
2023-11-18,3.04,-0.4285714285714286,0,-1.5,46,5.526666666666666,3.77,54,1
2023-11-25,6.32,0.625,0,5.5,47,4.376666666666667,3.04,54,0
2023-12-02,4.2,0.3076923076923077,0,2.583333333333333,48,4.5200000000000005,6.32,54,1
2023-12-09,6.41,0.1764705882352941,0,4.916666666666667,49,5.6433333333333335,4.2,54,0
2023-12-16,47.45,0.6499999999999999,1,30.0,50,19.35333333333333,6.41,54,0
2023-12-23,49.83,1.4848484848484849,1,67.58333333333333,51,34.56333333333333,47.45,54,0
2023-12-30,8.47,0.8658536585365855,0,49.41666666666666,52,35.25,49.83,54,0
2024-01-06,112.39,0.1045751633986928,1,-15.833333333333334,1,56.89666666666667,8.47,54,1
2024-01-13,81.79,-0.1952662721893491,1,-19.83333333333333,2,67.55,112.39,54,1
2024-01-27,16.02,-0.0620689655172413,0,-2.833333333333333,4,70.06666666666668,81.79,54,1
2024-02-03,6.66,-0.0661764705882352,0,-7.333333333333333,5,34.82333333333333,16.02,54,0
2024-02-10,51.31,0.0314960629921259,1,35.75,6,24.663333333333338,6.66,54,0
2024-02-17,16.94,0.4045801526717556,0,16.833333333333332,7,24.97,51.31,54,0
2024-02-24,29.18,-0.1141304347826086,1,-3.0,8,32.47666666666667,16.94,54,0
2024-03-02,10.21,0.1104294478527607,0,-6.416666666666667,9,18.776666666666667,29.18,54,1
2024-03-09,12.47,-0.2099447513812155,0,-46.41666666666666,10,17.28666666666667,10.21,54,0
2024-03-16,19.07,-0.2937062937062937,0,-32.833333333333336,11,13.916666666666666,12.47,54,0
2024-03-23,27.87,-0.2079207920792078,1,-15.0,12,19.80333333333333,19.07,54,0
2024-03-30,4.96,-0.1125,0,-9.0,13,17.3,27.87,54,0
2023-10-28,4.38,-1.0,0,-2.75,43,4.34,5.2,56,0
2023-11-18,8.83,0.8,0,10.083333333333334,46,4.293333333333333,1.88,56,1
2023-11-25,12.02,1.5555555555555554,1,6.416666666666667,47,7.576666666666665,8.83,56,0
2023-12-09,3.67,1.0,0,16.166666666666668,49,5.23,0.0,56,0
2023-12-16,28.88,0.0208333333333332,1,-16.833333333333332,50,10.85,3.67,56,0
2023-12-23,5.5,-0.4081632653061224,0,13.666666666666666,51,12.683333333333332,28.88,56,0
2023-12-30,6.31,1.5517241379310347,0,36.083333333333336,52,13.563333333333333,5.5,56,0
2024-01-06,48.11,0.1351351351351351,1,-12.916666666666666,1,19.973333333333333,6.31,56,1
2024-01-13,66.39,-0.3333333333333333,1,-26.5,2,40.27,48.11,56,1
2024-01-27,15.72,0.7391304347826086,1,-6.416666666666667,4,43.406666666666666,66.39,56,1
2024-02-03,4.23,0.0,0,-3.6666666666666665,5,28.78,15.72,56,0
2024-02-10,19.63,-0.175,1,3.75,6,13.193333333333332,4.23,56,0
2024-02-17,3.93,0.3333333333333332,0,-2.75,7,9.263333333333334,19.63,56,0
2024-02-24,1.51,-0.3863636363636363,0,-11.166666666666666,8,8.356666666666666,3.93,56,0
2024-03-02,4.43,-0.074074074074074,0,-5.25,9,3.2900000000000005,1.51,56,1
2024-03-09,9.16,-0.4,0,-7.5,10,5.033333333333334,4.43,56,0
2024-03-16,3.43,-0.2666666666666667,0,-5.5,11,5.673333333333335,9.16,56,0
2024-03-23,1.27,-0.5454545454545454,0,0.0,12,4.620000000000001,3.43,56,0
2024-03-30,1.55,1.2000000000000002,0,6.0,13,2.083333333333334,1.27,56,0
2023-10-28,4.6,0.75,0,6.583333333333333,43,1.9833333333333327,0.78,55,0
2023-11-04,6.53,1.2857142857142856,0,7.75,44,3.97,4.6,55,0
2023-11-11,3.06,0.25,0,-2.9166666666666665,45,4.73,6.53,55,0
2023-11-18,14.43,-0.25,0,5.75,46,8.006666666666666,3.06,55,1
2023-11-25,31.28,1.2666666666666666,0,22.75,47,16.256666666666664,14.43,55,0
2023-12-02,30.4,0.7352941176470589,0,34.416666666666664,48,25.37,31.28,55,1
2023-12-09,20.65,0.6779661016949152,0,29.25,49,27.44333333333333,30.4,55,0
2023-12-16,30.52,0.2323232323232322,0,38.583333333333336,50,27.19,20.65,55,0
2023-12-23,10.49,0.5327868852459017,0,106.25,51,20.55333333333333,30.52,55,0
2023-12-30,147.9,0.6042780748663101,1,28.58333333333333,52,62.970000000000006,10.49,55,0
2024-01-06,149.15,-0.1733333333333333,1,-18.166666666666668,1,102.51333333333332,147.9,55,1
2024-01-13,266.06,0.0766129032258065,1,-60.91666666666666,2,187.70333333333332,149.15,55,1
2024-01-27,48.34,-0.1988636363636363,1,-55.5,4,154.51666666666668,266.06,55,1
2024-02-03,57.83,0.2411347517730495,1,29.5,5,124.0766666666667,48.34,55,0
2024-02-10,90.92,0.0171428571428571,1,16.666666666666668,6,65.69666666666667,57.83,55,0
2024-02-17,46.61,0.1741573033707866,0,21.25,7,65.12,90.92,55,0
2024-02-24,45.43,0.0191387559808613,0,-7.666666666666667,8,60.98666666666667,46.61,55,0
2024-03-02,43.6,-0.0610328638497652,0,-8.0,9,45.21333333333333,45.43,55,1
2024-03-09,8.67,-0.01,0,-3.333333333333333,10,32.56666666666667,43.6,55,0
2024-03-16,24.26,-0.0656565656565656,0,-37.16666666666666,11,25.51,8.67,55,0
2024-03-23,29.55,-0.2810810810810811,0,-29.5,12,20.826666666666668,24.26,55,0
2024-03-30,9.7,-0.0526315789473684,0,-7.0,13,21.17,29.55,55,0
2023-10-28,10.27,0.4642857142857142,0,17.583333333333332,43,15.756666666666666,29.87,72,0
2023-11-04,6.43,-0.1219512195121951,0,-10.75,44,15.523333333333332,10.27,72,0
2023-11-11,29.54,0.0277777777777776,1,-16.916666666666668,45,15.413333333333332,6.43,72,0
2023-11-18,40.18,-0.2364864864864865,1,-14.916666666666666,46,25.383333333333336,29.54,72,1
2023-11-25,68.35,0.0530973451327434,1,-7.5,47,46.02333333333333,40.18,72,0
2023-12-02,50.85,-0.2352941176470588,1,-33.333333333333336,48,53.126666666666665,68.35,72,1
2023-12-09,8.08,-0.3186813186813186,0,-17.75,49,42.42666666666667,50.85,72,0
2023-12-16,5.81,-0.0806451612903226,0,0.9166666666666666,50,21.58,8.08,72,0
2023-12-23,10.84,0.0526315789473683,0,5.583333333333333,51,8.243333333333334,5.81,72,0
2023-12-30,2.27,0.0666666666666666,0,-6.333333333333333,52,6.306666666666666,10.84,72,0
2024-01-06,14.71,-0.203125,0,-1.25,1,9.273333333333332,2.27,72,1
2024-01-13,6.46,0.196078431372549,0,2.5,2,7.813333333333333,14.71,72,1
2024-01-27,11.21,0.02,0,-19.416666666666668,4,10.793333333333337,6.46,72,1
2024-02-03,22.85,-0.3333333333333333,1,12.083333333333334,5,13.506666666666668,11.21,72,0
2024-02-10,2.25,1.0,0,11.916666666666666,6,12.103333333333332,22.85,72,0
2024-02-17,3.45,-0.2352941176470588,0,-11.416666666666666,7,9.516666666666667,2.25,72,0
2024-02-24,1.44,0.0,0,-4.666666666666667,8,2.3800000000000003,3.45,72,0
2024-03-02,7.56,-0.1730769230769231,0,-1.0,9,4.15,1.44,72,1
2024-03-09,13.41,0.2093023255813952,0,14.166666666666666,10,7.47,7.56,72,0
2024-03-16,2.61,0.2307692307692308,0,-1.75,11,7.859999999999999,13.41,72,0
2024-03-23,2.18,-0.21875,0,-8.0,12,6.066666666666666,2.61,72,0
2024-03-30,3.87,-0.04,0,-2.0,13,2.8866666666666667,2.18,72,0
